type_instance,type,time,instance,host,value
steal,cpu,03:34:17.902966,1,VM10-1-9-207,108.0
user,cpu,03:34:36.298841,0,VM10-1-9-207,256450.0
user,cpu,03:34:36.298857,1,VM10-1-9-207,287430.0
user,cpu,03:34:36.298869,2,VM10-1-9-207,289981.0
user,cpu,03:34:36.298872,3,VM10-1-9-207,381334.0
system,cpu,03:34:36.298881,0,VM10-1-9-207,7410.0
system,cpu,03:34:36.298885,1,VM10-1-9-207,9231.0
system,cpu,03:34:36.298886,2,VM10-1-9-207,9323.0
system,cpu,03:34:36.298887,3,VM10-1-9-207,8360.0
wait,cpu,03:34:36.298887,0,VM10-1-9-207,3948.0
wait,cpu,03:34:36.298888,1,VM10-1-9-207,4628.0
wait,cpu,03:34:36.298912,2,VM10-1-9-207,4638.0
wait,cpu,03:34:36.298913,3,VM10-1-9-207,3921.0
nice,cpu,03:34:36.298914,0,VM10-1-9-207,32.0
nice,cpu,03:34:36.298914,1,VM10-1-9-207,0.0
nice,cpu,03:34:36.298915,2,VM10-1-9-207,7516.0
nice,cpu,03:34:36.298924,3,VM10-1-9-207,0.0
interrupt,cpu,03:34:36.298926,0,VM10-1-9-207,0.0
interrupt,cpu,03:34:36.298926,1,VM10-1-9-207,0.0
interrupt,cpu,03:34:36.298927,2,VM10-1-9-207,0.0
interrupt,cpu,03:34:36.298927,3,VM10-1-9-207,0.0
softirq,cpu,03:34:36.298932,0,VM10-1-9-207,316.0
softirq,cpu,03:34:36.298934,1,VM10-1-9-207,174.0
softirq,cpu,03:34:36.298934,2,VM10-1-9-207,274.0
softirq,cpu,03:34:36.298934,3,VM10-1-9-207,301.0
steal,cpu,03:34:36.298935,0,VM10-1-9-207,96.0
steal,cpu,03:34:36.298936,1,VM10-1-9-207,108.0
steal,cpu,03:34:36.298944,2,VM10-1-9-207,285.0
steal,cpu,03:34:36.298944,3,VM10-1-9-207,250.0
idle,cpu,03:34:36.298945,0,VM10-1-9-207,6584333.0
idle,cpu,03:34:36.298945,1,VM10-1-9-207,6550503.0
idle,cpu,03:34:36.298946,2,VM10-1-9-207,6535405.0
idle,cpu,03:34:36.298951,3,VM10-1-9-207,6456604.0
user,cpu,03:34:46.298921,0,VM10-1-9-207,257450.0
user,cpu,03:34:46.298932,1,VM10-1-9-207,287430.0
user,cpu,03:34:46.298960,2,VM10-1-9-207,289982.0
user,cpu,03:34:46.298967,3,VM10-1-9-207,381335.0
system,cpu,03:34:46.298980,0,VM10-1-9-207,7410.0
system,cpu,03:34:46.298990,1,VM10-1-9-207,9233.0
system,cpu,03:34:46.298991,2,VM10-1-9-207,9325.0
system,cpu,03:34:46.298992,3,VM10-1-9-207,8361.0
wait,cpu,03:34:46.298999,0,VM10-1-9-207,3948.0
wait,cpu,03:34:46.299000,1,VM10-1-9-207,4628.0
wait,cpu,03:34:46.299001,2,VM10-1-9-207,4641.0
wait,cpu,03:34:46.299002,3,VM10-1-9-207,3921.0
nice,cpu,03:34:46.299003,0,VM10-1-9-207,32.0
nice,cpu,03:34:46.299004,1,VM10-1-9-207,0.0
nice,cpu,03:34:46.299011,2,VM10-1-9-207,7516.0
nice,cpu,03:34:46.299011,3,VM10-1-9-207,0.0
interrupt,cpu,03:34:46.299013,0,VM10-1-9-207,0.0
interrupt,cpu,03:34:46.299014,1,VM10-1-9-207,0.0
interrupt,cpu,03:34:46.299026,2,VM10-1-9-207,0.0
interrupt,cpu,03:34:46.299027,3,VM10-1-9-207,0.0
softirq,cpu,03:34:46.299028,0,VM10-1-9-207,316.0
softirq,cpu,03:34:46.299029,1,VM10-1-9-207,174.0
softirq,cpu,03:34:46.299030,2,VM10-1-9-207,274.0
softirq,cpu,03:34:46.299037,3,VM10-1-9-207,301.0
steal,cpu,03:34:46.299039,0,VM10-1-9-207,96.0
steal,cpu,03:34:46.299039,1,VM10-1-9-207,108.0
steal,cpu,03:34:46.299040,2,VM10-1-9-207,285.0
steal,cpu,03:34:46.299041,3,VM10-1-9-207,250.0
idle,cpu,03:34:46.299041,0,VM10-1-9-207,6584333.0
idle,cpu,03:34:46.299048,1,VM10-1-9-207,6551501.0
idle,cpu,03:34:46.299055,2,VM10-1-9-207,6536399.0
idle,cpu,03:34:46.299056,3,VM10-1-9-207,6457601.0
user,cpu,03:34:56.298856,0,VM10-1-9-207,258450.0
user,cpu,03:34:56.298954,1,VM10-1-9-207,287432.0
user,cpu,03:34:56.298958,2,VM10-1-9-207,289984.0
user,cpu,03:34:56.298962,3,VM10-1-9-207,381338.0
system,cpu,03:34:56.298965,0,VM10-1-9-207,7410.0
system,cpu,03:34:56.298969,1,VM10-1-9-207,9234.0
system,cpu,03:34:56.299024,2,VM10-1-9-207,9327.0
system,cpu,03:34:56.299048,3,VM10-1-9-207,8361.0
wait,cpu,03:34:56.299063,0,VM10-1-9-207,3948.0
wait,cpu,03:34:56.299099,1,VM10-1-9-207,4628.0
wait,cpu,03:34:56.300863,2,VM10-1-9-207,4641.0
wait,cpu,03:34:56.300914,3,VM10-1-9-207,3921.0
nice,cpu,03:34:56.300923,0,VM10-1-9-207,32.0
nice,cpu,03:34:56.300937,1,VM10-1-9-207,0.0
nice,cpu,03:34:56.300944,2,VM10-1-9-207,7516.0
nice,cpu,03:34:56.300951,3,VM10-1-9-207,0.0
interrupt,cpu,03:34:56.300967,0,VM10-1-9-207,0.0
interrupt,cpu,03:34:56.300969,1,VM10-1-9-207,0.0
interrupt,cpu,03:34:56.300970,2,VM10-1-9-207,0.0
interrupt,cpu,03:34:56.300971,3,VM10-1-9-207,0.0
softirq,cpu,03:34:56.300972,0,VM10-1-9-207,316.0
softirq,cpu,03:34:56.300973,1,VM10-1-9-207,174.0
softirq,cpu,03:34:56.300974,2,VM10-1-9-207,275.0
softirq,cpu,03:34:56.300975,3,VM10-1-9-207,301.0
steal,cpu,03:34:56.300977,0,VM10-1-9-207,96.0
steal,cpu,03:34:56.300978,1,VM10-1-9-207,108.0
steal,cpu,03:34:56.300979,2,VM10-1-9-207,285.0
steal,cpu,03:34:56.300981,3,VM10-1-9-207,250.0
idle,cpu,03:34:56.300982,0,VM10-1-9-207,6584333.0
idle,cpu,03:34:56.300983,1,VM10-1-9-207,6552498.0
idle,cpu,03:34:56.300984,2,VM10-1-9-207,6537396.0
idle,cpu,03:34:56.300985,3,VM10-1-9-207,6458598.0
user,cpu,03:35:06.298912,0,VM10-1-9-207,259450.0
user,cpu,03:35:06.298940,1,VM10-1-9-207,287432.0
user,cpu,03:35:06.298947,2,VM10-1-9-207,289986.0
user,cpu,03:35:06.298952,3,VM10-1-9-207,381339.0
system,cpu,03:35:06.298959,0,VM10-1-9-207,7410.0
system,cpu,03:35:06.299435,1,VM10-1-9-207,9235.0
system,cpu,03:35:06.299483,2,VM10-1-9-207,9329.0
system,cpu,03:35:06.299495,3,VM10-1-9-207,8361.0
wait,cpu,03:35:06.299515,0,VM10-1-9-207,3948.0
wait,cpu,03:35:06.299573,1,VM10-1-9-207,4628.0
wait,cpu,03:35:06.301208,2,VM10-1-9-207,4642.0
wait,cpu,03:35:06.301210,3,VM10-1-9-207,3921.0
nice,cpu,03:35:06.301211,0,VM10-1-9-207,32.0
nice,cpu,03:35:06.301212,1,VM10-1-9-207,0.0
nice,cpu,03:35:06.301213,2,VM10-1-9-207,7516.0
nice,cpu,03:35:06.301214,3,VM10-1-9-207,0.0
interrupt,cpu,03:35:06.301215,0,VM10-1-9-207,0.0
interrupt,cpu,03:35:06.301217,1,VM10-1-9-207,0.0
interrupt,cpu,03:35:06.301218,2,VM10-1-9-207,0.0
interrupt,cpu,03:35:06.301219,3,VM10-1-9-207,0.0
softirq,cpu,03:35:06.301220,0,VM10-1-9-207,316.0
softirq,cpu,03:35:06.301221,1,VM10-1-9-207,174.0
softirq,cpu,03:35:06.301222,2,VM10-1-9-207,275.0
softirq,cpu,03:35:06.301223,3,VM10-1-9-207,302.0
steal,cpu,03:35:06.301224,0,VM10-1-9-207,96.0
steal,cpu,03:35:06.301225,1,VM10-1-9-207,108.0
steal,cpu,03:35:06.301226,2,VM10-1-9-207,285.0
steal,cpu,03:35:06.301227,3,VM10-1-9-207,250.0
idle,cpu,03:35:06.301229,0,VM10-1-9-207,6584333.0
idle,cpu,03:35:06.301230,1,VM10-1-9-207,6553496.0
idle,cpu,03:35:06.301231,2,VM10-1-9-207,6538391.0
idle,cpu,03:35:06.301232,3,VM10-1-9-207,6459596.0
user,cpu,03:35:16.298774,0,VM10-1-9-207,260450.0
user,cpu,03:35:16.298851,1,VM10-1-9-207,287434.0
user,cpu,03:35:16.298854,2,VM10-1-9-207,289990.0
user,cpu,03:35:16.298857,3,VM10-1-9-207,381339.0
system,cpu,03:35:16.298860,0,VM10-1-9-207,7410.0
system,cpu,03:35:16.298863,1,VM10-1-9-207,9236.0
system,cpu,03:35:16.298923,2,VM10-1-9-207,9331.0
system,cpu,03:35:16.298945,3,VM10-1-9-207,8362.0
wait,cpu,03:35:16.298958,0,VM10-1-9-207,3948.0
wait,cpu,03:35:16.298959,1,VM10-1-9-207,4628.0
wait,cpu,03:35:16.298959,2,VM10-1-9-207,4642.0
wait,cpu,03:35:16.298960,3,VM10-1-9-207,3923.0
nice,cpu,03:35:16.298960,0,VM10-1-9-207,32.0
nice,cpu,03:35:16.298961,1,VM10-1-9-207,0.0
nice,cpu,03:35:16.298961,2,VM10-1-9-207,7516.0
nice,cpu,03:35:16.298962,3,VM10-1-9-207,0.0
interrupt,cpu,03:35:16.298963,0,VM10-1-9-207,0.0
interrupt,cpu,03:35:16.298964,1,VM10-1-9-207,0.0
interrupt,cpu,03:35:16.298964,2,VM10-1-9-207,0.0
interrupt,cpu,03:35:16.298965,3,VM10-1-9-207,0.0
softirq,cpu,03:35:16.298965,0,VM10-1-9-207,316.0
softirq,cpu,03:35:16.298966,1,VM10-1-9-207,174.0
softirq,cpu,03:35:16.299006,2,VM10-1-9-207,275.0
softirq,cpu,03:35:16.299006,3,VM10-1-9-207,302.0
steal,cpu,03:35:16.299006,0,VM10-1-9-207,96.0
steal,cpu,03:35:16.299007,1,VM10-1-9-207,108.0
steal,cpu,03:35:16.299163,2,VM10-1-9-207,285.0
steal,cpu,03:35:16.299170,3,VM10-1-9-207,251.0
idle,cpu,03:35:16.299176,0,VM10-1-9-207,6584333.0
idle,cpu,03:35:16.308851,1,VM10-1-9-207,6554494.0
idle,cpu,03:35:16.308858,2,VM10-1-9-207,6539386.0
idle,cpu,03:35:16.308864,3,VM10-1-9-207,6460591.0
user,cpu,03:35:26.298821,0,VM10-1-9-207,261450.0
user,cpu,03:35:26.298841,1,VM10-1-9-207,287435.0
user,cpu,03:35:26.298847,2,VM10-1-9-207,289992.0
user,cpu,03:35:26.298851,3,VM10-1-9-207,381340.0
system,cpu,03:35:26.298867,0,VM10-1-9-207,7410.0
system,cpu,03:35:26.298873,1,VM10-1-9-207,9237.0
system,cpu,03:35:26.298875,2,VM10-1-9-207,9331.0
system,cpu,03:35:26.298875,3,VM10-1-9-207,8362.0
wait,cpu,03:35:26.298877,0,VM10-1-9-207,3948.0
wait,cpu,03:35:26.298878,1,VM10-1-9-207,4628.0
wait,cpu,03:35:26.298879,2,VM10-1-9-207,4643.0
wait,cpu,03:35:26.298880,3,VM10-1-9-207,3923.0
nice,cpu,03:35:26.298881,0,VM10-1-9-207,32.0
nice,cpu,03:35:26.298882,1,VM10-1-9-207,0.0
nice,cpu,03:35:26.298883,2,VM10-1-9-207,7516.0
nice,cpu,03:35:26.298884,3,VM10-1-9-207,0.0
interrupt,cpu,03:35:26.298885,0,VM10-1-9-207,0.0
interrupt,cpu,03:35:26.298886,1,VM10-1-9-207,0.0
interrupt,cpu,03:35:26.298920,2,VM10-1-9-207,0.0
interrupt,cpu,03:35:26.298922,3,VM10-1-9-207,0.0
softirq,cpu,03:35:26.298923,0,VM10-1-9-207,316.0
softirq,cpu,03:35:26.298924,1,VM10-1-9-207,174.0
softirq,cpu,03:35:26.298925,2,VM10-1-9-207,276.0
softirq,cpu,03:35:26.298926,3,VM10-1-9-207,302.0
steal,cpu,03:35:26.298927,0,VM10-1-9-207,96.0
steal,cpu,03:35:26.298928,1,VM10-1-9-207,108.0
steal,cpu,03:35:26.298929,2,VM10-1-9-207,285.0
steal,cpu,03:35:26.298930,3,VM10-1-9-207,251.0
idle,cpu,03:35:26.298931,0,VM10-1-9-207,6584333.0
idle,cpu,03:35:26.298933,1,VM10-1-9-207,6555491.0
idle,cpu,03:35:26.298934,2,VM10-1-9-207,6540383.0
idle,cpu,03:35:26.298935,3,VM10-1-9-207,6461589.0
user,cpu,03:35:36.298778,0,VM10-1-9-207,262450.0
user,cpu,03:35:36.299395,1,VM10-1-9-207,287438.0
user,cpu,03:35:36.299426,2,VM10-1-9-207,289995.0
user,cpu,03:35:36.299453,3,VM10-1-9-207,381341.0
system,cpu,03:35:36.299504,0,VM10-1-9-207,7410.0
system,cpu,03:35:36.299532,1,VM10-1-9-207,9238.0
system,cpu,03:35:36.299628,2,VM10-1-9-207,9334.0
system,cpu,03:35:36.299641,3,VM10-1-9-207,8362.0
wait,cpu,03:35:36.300162,0,VM10-1-9-207,3948.0
wait,cpu,03:35:36.300162,1,VM10-1-9-207,4628.0
wait,cpu,03:35:36.300163,2,VM10-1-9-207,4643.0
wait,cpu,03:35:36.300197,3,VM10-1-9-207,3925.0
nice,cpu,03:35:36.300217,0,VM10-1-9-207,32.0
nice,cpu,03:35:36.300219,1,VM10-1-9-207,0.0
nice,cpu,03:35:36.300278,2,VM10-1-9-207,7516.0
nice,cpu,03:35:36.300280,3,VM10-1-9-207,0.0
interrupt,cpu,03:35:36.300292,0,VM10-1-9-207,0.0
interrupt,cpu,03:35:36.300294,1,VM10-1-9-207,0.0
interrupt,cpu,03:35:36.300328,2,VM10-1-9-207,0.0
interrupt,cpu,03:35:36.300330,3,VM10-1-9-207,0.0
softirq,cpu,03:35:36.300331,0,VM10-1-9-207,316.0
softirq,cpu,03:35:36.300332,1,VM10-1-9-207,174.0
softirq,cpu,03:35:36.300333,2,VM10-1-9-207,276.0
softirq,cpu,03:35:36.300334,3,VM10-1-9-207,302.0
steal,cpu,03:35:36.300335,0,VM10-1-9-207,96.0
steal,cpu,03:35:36.300336,1,VM10-1-9-207,108.0
steal,cpu,03:35:36.300337,2,VM10-1-9-207,285.0
steal,cpu,03:35:36.300338,3,VM10-1-9-207,251.0
idle,cpu,03:35:36.300339,0,VM10-1-9-207,6584333.0
idle,cpu,03:35:36.300339,1,VM10-1-9-207,6556488.0
idle,cpu,03:35:36.300340,2,VM10-1-9-207,6541378.0
idle,cpu,03:35:36.300341,3,VM10-1-9-207,6462585.0
user,cpu,03:35:46.298810,0,VM10-1-9-207,263450.0
user,cpu,03:35:46.298833,1,VM10-1-9-207,287440.0
user,cpu,03:35:46.298851,2,VM10-1-9-207,289997.0
user,cpu,03:35:46.298860,3,VM10-1-9-207,381341.0
system,cpu,03:35:46.298865,0,VM10-1-9-207,7410.0
system,cpu,03:35:46.298870,1,VM10-1-9-207,9240.0
system,cpu,03:35:46.298871,2,VM10-1-9-207,9335.0
system,cpu,03:35:46.298872,3,VM10-1-9-207,8363.0
wait,cpu,03:35:46.298872,0,VM10-1-9-207,3948.0
wait,cpu,03:35:46.298873,1,VM10-1-9-207,4628.0
wait,cpu,03:35:46.298874,2,VM10-1-9-207,4644.0
wait,cpu,03:35:46.298875,3,VM10-1-9-207,3925.0
nice,cpu,03:35:46.298876,0,VM10-1-9-207,32.0
nice,cpu,03:35:46.298877,1,VM10-1-9-207,0.0
nice,cpu,03:35:46.298877,2,VM10-1-9-207,7516.0
nice,cpu,03:35:46.298878,3,VM10-1-9-207,0.0
interrupt,cpu,03:35:46.298879,0,VM10-1-9-207,0.0
interrupt,cpu,03:35:46.298879,1,VM10-1-9-207,0.0
interrupt,cpu,03:35:46.298880,2,VM10-1-9-207,0.0
interrupt,cpu,03:35:46.298881,3,VM10-1-9-207,0.0
softirq,cpu,03:35:46.298882,0,VM10-1-9-207,316.0
softirq,cpu,03:35:46.298882,1,VM10-1-9-207,174.0
softirq,cpu,03:35:46.298883,2,VM10-1-9-207,276.0
softirq,cpu,03:35:46.298884,3,VM10-1-9-207,302.0
steal,cpu,03:35:46.298885,0,VM10-1-9-207,96.0
steal,cpu,03:35:46.298902,1,VM10-1-9-207,108.0
steal,cpu,03:35:46.298903,2,VM10-1-9-207,285.0
steal,cpu,03:35:46.298904,3,VM10-1-9-207,251.0
idle,cpu,03:35:46.298905,0,VM10-1-9-207,6584333.0
idle,cpu,03:35:46.298906,1,VM10-1-9-207,6557486.0
idle,cpu,03:35:46.298907,2,VM10-1-9-207,6542374.0
idle,cpu,03:35:46.298908,3,VM10-1-9-207,6463582.0
user,cpu,03:35:56.298754,0,VM10-1-9-207,264450.0
user,cpu,03:35:56.298766,1,VM10-1-9-207,287440.0
user,cpu,03:35:56.298770,2,VM10-1-9-207,290000.0
user,cpu,03:35:56.299295,3,VM10-1-9-207,381341.0
system,cpu,03:35:56.299296,0,VM10-1-9-207,7410.0
system,cpu,03:35:56.299296,1,VM10-1-9-207,9241.0
system,cpu,03:35:56.299297,2,VM10-1-9-207,9338.0
system,cpu,03:35:56.299298,3,VM10-1-9-207,8364.0
wait,cpu,03:35:56.299299,0,VM10-1-9-207,3948.0
wait,cpu,03:35:56.299299,1,VM10-1-9-207,4628.0
wait,cpu,03:35:56.299300,2,VM10-1-9-207,4644.0
wait,cpu,03:35:56.299301,3,VM10-1-9-207,3925.0
nice,cpu,03:35:56.299301,0,VM10-1-9-207,32.0
nice,cpu,03:35:56.299302,1,VM10-1-9-207,0.0
nice,cpu,03:35:56.299302,2,VM10-1-9-207,7516.0
nice,cpu,03:35:56.299303,3,VM10-1-9-207,0.0
interrupt,cpu,03:35:56.299304,0,VM10-1-9-207,0.0
interrupt,cpu,03:35:56.299305,1,VM10-1-9-207,0.0
interrupt,cpu,03:35:56.299306,2,VM10-1-9-207,0.0
interrupt,cpu,03:35:56.299306,3,VM10-1-9-207,0.0
softirq,cpu,03:35:56.299307,0,VM10-1-9-207,316.0
softirq,cpu,03:35:56.299308,1,VM10-1-9-207,174.0
softirq,cpu,03:35:56.299309,2,VM10-1-9-207,276.0
softirq,cpu,03:35:56.299309,3,VM10-1-9-207,302.0
steal,cpu,03:35:56.299310,0,VM10-1-9-207,96.0
steal,cpu,03:35:56.299311,1,VM10-1-9-207,108.0
steal,cpu,03:35:56.299311,2,VM10-1-9-207,285.0
steal,cpu,03:35:56.299312,3,VM10-1-9-207,251.0
idle,cpu,03:35:56.299313,0,VM10-1-9-207,6584333.0
idle,cpu,03:35:56.299313,1,VM10-1-9-207,6558484.0
idle,cpu,03:35:56.299314,2,VM10-1-9-207,6543369.0
idle,cpu,03:35:56.299314,3,VM10-1-9-207,6464580.0
user,cpu,03:36:06.298814,0,VM10-1-9-207,265450.0
user,cpu,03:36:06.298827,1,VM10-1-9-207,287440.0
user,cpu,03:36:06.298830,2,VM10-1-9-207,290002.0
user,cpu,03:36:06.298836,3,VM10-1-9-207,381342.0
system,cpu,03:36:06.298840,0,VM10-1-9-207,7410.0
system,cpu,03:36:06.298951,1,VM10-1-9-207,9242.0
system,cpu,03:36:06.298959,2,VM10-1-9-207,9340.0
system,cpu,03:36:06.298987,3,VM10-1-9-207,8364.0
wait,cpu,03:36:06.298993,0,VM10-1-9-207,3948.0
wait,cpu,03:36:06.299000,1,VM10-1-9-207,4628.0
wait,cpu,03:36:06.299010,2,VM10-1-9-207,4645.0
wait,cpu,03:36:06.299095,3,VM10-1-9-207,3928.0
nice,cpu,03:36:06.299101,0,VM10-1-9-207,32.0
nice,cpu,03:36:06.299106,1,VM10-1-9-207,0.0
nice,cpu,03:36:06.299359,2,VM10-1-9-207,7516.0
nice,cpu,03:36:06.299406,3,VM10-1-9-207,0.0
interrupt,cpu,03:36:06.299429,0,VM10-1-9-207,0.0
interrupt,cpu,03:36:06.299450,1,VM10-1-9-207,0.0
interrupt,cpu,03:36:06.299479,2,VM10-1-9-207,0.0
interrupt,cpu,03:36:06.299500,3,VM10-1-9-207,0.0
softirq,cpu,03:36:06.299551,0,VM10-1-9-207,316.0
softirq,cpu,03:36:06.299672,1,VM10-1-9-207,174.0
softirq,cpu,03:36:06.299673,2,VM10-1-9-207,276.0
softirq,cpu,03:36:06.299673,3,VM10-1-9-207,302.0
steal,cpu,03:36:06.299674,0,VM10-1-9-207,96.0
steal,cpu,03:36:06.299674,1,VM10-1-9-207,108.0
steal,cpu,03:36:06.299675,2,VM10-1-9-207,285.0
steal,cpu,03:36:06.299675,3,VM10-1-9-207,251.0
idle,cpu,03:36:06.299676,0,VM10-1-9-207,6584333.0
idle,cpu,03:36:06.299677,1,VM10-1-9-207,6559482.0
idle,cpu,03:36:06.299677,2,VM10-1-9-207,6544366.0
idle,cpu,03:36:06.299678,3,VM10-1-9-207,6465575.0
user,cpu,03:36:16.298832,0,VM10-1-9-207,266450.0
user,cpu,03:36:16.299080,1,VM10-1-9-207,287441.0
user,cpu,03:36:16.299083,2,VM10-1-9-207,290004.0
user,cpu,03:36:16.299087,3,VM10-1-9-207,381352.0
system,cpu,03:36:16.299262,0,VM10-1-9-207,7410.0
system,cpu,03:36:16.299263,1,VM10-1-9-207,9243.0
system,cpu,03:36:16.299263,2,VM10-1-9-207,9341.0
system,cpu,03:36:16.299263,3,VM10-1-9-207,8365.0
wait,cpu,03:36:16.299264,0,VM10-1-9-207,3948.0
wait,cpu,03:36:16.299264,1,VM10-1-9-207,4628.0
wait,cpu,03:36:16.299323,2,VM10-1-9-207,4645.0
wait,cpu,03:36:16.299323,3,VM10-1-9-207,3929.0
nice,cpu,03:36:16.299324,0,VM10-1-9-207,32.0
nice,cpu,03:36:16.299325,1,VM10-1-9-207,0.0
nice,cpu,03:36:16.299325,2,VM10-1-9-207,7516.0
nice,cpu,03:36:16.299325,3,VM10-1-9-207,0.0
interrupt,cpu,03:36:16.299326,0,VM10-1-9-207,0.0
interrupt,cpu,03:36:16.299326,1,VM10-1-9-207,0.0
interrupt,cpu,03:36:16.299327,2,VM10-1-9-207,0.0
interrupt,cpu,03:36:16.299596,3,VM10-1-9-207,0.0
softirq,cpu,03:36:16.299616,0,VM10-1-9-207,316.0
softirq,cpu,03:36:16.299638,1,VM10-1-9-207,174.0
softirq,cpu,03:36:16.299658,2,VM10-1-9-207,276.0
softirq,cpu,03:36:16.299677,3,VM10-1-9-207,302.0
steal,cpu,03:36:16.299696,0,VM10-1-9-207,96.0
steal,cpu,03:36:16.299719,1,VM10-1-9-207,108.0
steal,cpu,03:36:16.299738,2,VM10-1-9-207,285.0
steal,cpu,03:36:16.300128,3,VM10-1-9-207,251.0
idle,cpu,03:36:16.300129,0,VM10-1-9-207,6584333.0
idle,cpu,03:36:16.300130,1,VM10-1-9-207,6560480.0
idle,cpu,03:36:16.300130,2,VM10-1-9-207,6545362.0
idle,cpu,03:36:16.300130,3,VM10-1-9-207,6466562.0
user,cpu,03:36:26.298802,0,VM10-1-9-207,267450.0
user,cpu,03:36:26.298815,1,VM10-1-9-207,287442.0
user,cpu,03:36:26.298819,2,VM10-1-9-207,290006.0
user,cpu,03:36:26.298822,3,VM10-1-9-207,381352.0
system,cpu,03:36:26.298826,0,VM10-1-9-207,7410.0
system,cpu,03:36:26.298834,1,VM10-1-9-207,9244.0
system,cpu,03:36:26.298836,2,VM10-1-9-207,9343.0
system,cpu,03:36:26.298836,3,VM10-1-9-207,8365.0
wait,cpu,03:36:26.298847,0,VM10-1-9-207,3948.0
wait,cpu,03:36:26.298849,1,VM10-1-9-207,4628.0
wait,cpu,03:36:26.298849,2,VM10-1-9-207,4646.0
wait,cpu,03:36:26.299257,3,VM10-1-9-207,3929.0
nice,cpu,03:36:26.299260,0,VM10-1-9-207,32.0
nice,cpu,03:36:26.299260,1,VM10-1-9-207,0.0
nice,cpu,03:36:26.299261,2,VM10-1-9-207,7516.0
nice,cpu,03:36:26.299261,3,VM10-1-9-207,0.0
interrupt,cpu,03:36:26.299262,0,VM10-1-9-207,0.0
interrupt,cpu,03:36:26.299262,1,VM10-1-9-207,0.0
interrupt,cpu,03:36:26.299263,2,VM10-1-9-207,0.0
interrupt,cpu,03:36:26.299263,3,VM10-1-9-207,0.0
softirq,cpu,03:36:26.299264,0,VM10-1-9-207,316.0
softirq,cpu,03:36:26.299264,1,VM10-1-9-207,174.0
softirq,cpu,03:36:26.299264,2,VM10-1-9-207,276.0
softirq,cpu,03:36:26.299265,3,VM10-1-9-207,302.0
steal,cpu,03:36:26.299266,0,VM10-1-9-207,97.0
steal,cpu,03:36:26.299267,1,VM10-1-9-207,108.0
steal,cpu,03:36:26.299268,2,VM10-1-9-207,285.0
steal,cpu,03:36:26.299268,3,VM10-1-9-207,251.0
idle,cpu,03:36:26.299269,0,VM10-1-9-207,6584333.0
idle,cpu,03:36:26.299269,1,VM10-1-9-207,6561479.0
idle,cpu,03:36:26.299270,2,VM10-1-9-207,6546358.0
idle,cpu,03:36:26.299271,3,VM10-1-9-207,6467561.0
user,cpu,03:36:36.298782,0,VM10-1-9-207,268450.0
user,cpu,03:36:36.298795,1,VM10-1-9-207,287442.0
user,cpu,03:36:36.298799,2,VM10-1-9-207,290009.0
user,cpu,03:36:36.298872,3,VM10-1-9-207,381354.0
system,cpu,03:36:36.298882,0,VM10-1-9-207,7410.0
system,cpu,03:36:36.298899,1,VM10-1-9-207,9246.0
system,cpu,03:36:36.298904,2,VM10-1-9-207,9343.0
system,cpu,03:36:36.298941,3,VM10-1-9-207,8366.0
wait,cpu,03:36:36.298943,0,VM10-1-9-207,3948.0
wait,cpu,03:36:36.298943,1,VM10-1-9-207,4628.0
wait,cpu,03:36:36.298951,2,VM10-1-9-207,4646.0
wait,cpu,03:36:36.298952,3,VM10-1-9-207,3929.0
nice,cpu,03:36:36.298952,0,VM10-1-9-207,32.0
nice,cpu,03:36:36.298953,1,VM10-1-9-207,0.0
nice,cpu,03:36:36.298954,2,VM10-1-9-207,7516.0
nice,cpu,03:36:36.298955,3,VM10-1-9-207,0.0
interrupt,cpu,03:36:36.298955,0,VM10-1-9-207,0.0
interrupt,cpu,03:36:36.298990,1,VM10-1-9-207,0.0
interrupt,cpu,03:36:36.298991,2,VM10-1-9-207,0.0
interrupt,cpu,03:36:36.298991,3,VM10-1-9-207,0.0
softirq,cpu,03:36:36.298992,0,VM10-1-9-207,316.0
softirq,cpu,03:36:36.298993,1,VM10-1-9-207,174.0
softirq,cpu,03:36:36.298994,2,VM10-1-9-207,276.0
softirq,cpu,03:36:36.298995,3,VM10-1-9-207,302.0
steal,cpu,03:36:36.298995,0,VM10-1-9-207,97.0
steal,cpu,03:36:36.299027,1,VM10-1-9-207,108.0
steal,cpu,03:36:36.299028,2,VM10-1-9-207,285.0
steal,cpu,03:36:36.299029,3,VM10-1-9-207,251.0
idle,cpu,03:36:36.299030,0,VM10-1-9-207,6584333.0
idle,cpu,03:36:36.299031,1,VM10-1-9-207,6562476.0
idle,cpu,03:36:36.299031,2,VM10-1-9-207,6547354.0
idle,cpu,03:36:36.299032,3,VM10-1-9-207,6468557.0
user,cpu,03:36:46.298817,0,VM10-1-9-207,269450.0
user,cpu,03:36:46.298833,1,VM10-1-9-207,287444.0
user,cpu,03:36:46.298846,2,VM10-1-9-207,290010.0
user,cpu,03:36:46.298850,3,VM10-1-9-207,381355.0
system,cpu,03:36:46.298856,0,VM10-1-9-207,7410.0
system,cpu,03:36:46.298965,1,VM10-1-9-207,9248.0
system,cpu,03:36:46.298966,2,VM10-1-9-207,9345.0
system,cpu,03:36:46.298966,3,VM10-1-9-207,8368.0
wait,cpu,03:36:46.298992,0,VM10-1-9-207,3948.0
wait,cpu,03:36:46.299006,1,VM10-1-9-207,4628.0
wait,cpu,03:36:46.299034,2,VM10-1-9-207,4646.0
wait,cpu,03:36:46.299042,3,VM10-1-9-207,3930.0
nice,cpu,03:36:46.299055,0,VM10-1-9-207,32.0
nice,cpu,03:36:46.299106,1,VM10-1-9-207,0.0
nice,cpu,03:36:46.299107,2,VM10-1-9-207,7516.0
nice,cpu,03:36:46.299107,3,VM10-1-9-207,0.0
interrupt,cpu,03:36:46.299108,0,VM10-1-9-207,0.0
interrupt,cpu,03:36:46.299109,1,VM10-1-9-207,0.0
interrupt,cpu,03:36:46.299110,2,VM10-1-9-207,0.0
interrupt,cpu,03:36:46.299110,3,VM10-1-9-207,0.0
softirq,cpu,03:36:46.299111,0,VM10-1-9-207,316.0
softirq,cpu,03:36:46.299112,1,VM10-1-9-207,174.0
softirq,cpu,03:36:46.299113,2,VM10-1-9-207,276.0
softirq,cpu,03:36:46.299113,3,VM10-1-9-207,302.0
steal,cpu,03:36:46.299114,0,VM10-1-9-207,97.0
steal,cpu,03:36:46.299115,1,VM10-1-9-207,108.0
steal,cpu,03:36:46.299115,2,VM10-1-9-207,285.0
steal,cpu,03:36:46.299116,3,VM10-1-9-207,251.0
idle,cpu,03:36:46.299117,0,VM10-1-9-207,6584333.0
idle,cpu,03:36:46.299118,1,VM10-1-9-207,6563473.0
idle,cpu,03:36:46.299119,2,VM10-1-9-207,6548351.0
idle,cpu,03:36:46.299119,3,VM10-1-9-207,6469552.0
user,cpu,03:36:56.298834,0,VM10-1-9-207,270450.0
user,cpu,03:36:56.299170,1,VM10-1-9-207,287446.0
user,cpu,03:36:56.299193,2,VM10-1-9-207,290014.0
user,cpu,03:36:56.299198,3,VM10-1-9-207,381355.0
system,cpu,03:36:56.299203,0,VM10-1-9-207,7410.0
system,cpu,03:36:56.299212,1,VM10-1-9-207,9248.0
system,cpu,03:36:56.299213,2,VM10-1-9-207,9347.0
system,cpu,03:36:56.299215,3,VM10-1-9-207,8368.0
wait,cpu,03:36:56.299216,0,VM10-1-9-207,3948.0
wait,cpu,03:36:56.299217,1,VM10-1-9-207,4628.0
wait,cpu,03:36:56.299217,2,VM10-1-9-207,4647.0
wait,cpu,03:36:56.299218,3,VM10-1-9-207,3933.0
nice,cpu,03:36:56.299219,0,VM10-1-9-207,32.0
nice,cpu,03:36:56.299220,1,VM10-1-9-207,0.0
nice,cpu,03:36:56.299221,2,VM10-1-9-207,7516.0
nice,cpu,03:36:56.299222,3,VM10-1-9-207,0.0
interrupt,cpu,03:36:56.299227,0,VM10-1-9-207,0.0
interrupt,cpu,03:36:56.299228,1,VM10-1-9-207,0.0
interrupt,cpu,03:36:56.299229,2,VM10-1-9-207,0.0
interrupt,cpu,03:36:56.299452,3,VM10-1-9-207,0.0
softirq,cpu,03:36:56.299454,0,VM10-1-9-207,316.0
softirq,cpu,03:36:56.299455,1,VM10-1-9-207,174.0
softirq,cpu,03:36:56.299456,2,VM10-1-9-207,276.0
softirq,cpu,03:36:56.299457,3,VM10-1-9-207,302.0
steal,cpu,03:36:56.299458,0,VM10-1-9-207,97.0
steal,cpu,03:36:56.299458,1,VM10-1-9-207,108.0
steal,cpu,03:36:56.299459,2,VM10-1-9-207,285.0
steal,cpu,03:36:56.299460,3,VM10-1-9-207,251.0
idle,cpu,03:36:56.299460,0,VM10-1-9-207,6584333.0
idle,cpu,03:36:56.299461,1,VM10-1-9-207,6564470.0
idle,cpu,03:36:56.299462,2,VM10-1-9-207,6549346.0
idle,cpu,03:36:56.299463,3,VM10-1-9-207,6470548.0
user,cpu,03:37:06.298862,0,VM10-1-9-207,271450.0
user,cpu,03:37:06.298992,1,VM10-1-9-207,287447.0
user,cpu,03:37:06.299002,2,VM10-1-9-207,290015.0
user,cpu,03:37:06.299007,3,VM10-1-9-207,381357.0
system,cpu,03:37:06.299012,0,VM10-1-9-207,7410.0
system,cpu,03:37:06.299017,1,VM10-1-9-207,9249.0
system,cpu,03:37:06.299108,2,VM10-1-9-207,9349.0
system,cpu,03:37:06.299156,3,VM10-1-9-207,8368.0
wait,cpu,03:37:06.299188,0,VM10-1-9-207,3948.0
wait,cpu,03:37:06.299252,1,VM10-1-9-207,4628.0
wait,cpu,03:37:06.299269,2,VM10-1-9-207,4647.0
wait,cpu,03:37:06.299287,3,VM10-1-9-207,3933.0
nice,cpu,03:37:06.299838,0,VM10-1-9-207,32.0
nice,cpu,03:37:06.299875,1,VM10-1-9-207,0.0
nice,cpu,03:37:06.300323,2,VM10-1-9-207,7516.0
nice,cpu,03:37:06.300325,3,VM10-1-9-207,0.0
interrupt,cpu,03:37:06.300486,0,VM10-1-9-207,0.0
interrupt,cpu,03:37:06.300488,1,VM10-1-9-207,0.0
interrupt,cpu,03:37:06.300490,2,VM10-1-9-207,0.0
interrupt,cpu,03:37:06.300491,3,VM10-1-9-207,0.0
softirq,cpu,03:37:06.300492,0,VM10-1-9-207,316.0
softirq,cpu,03:37:06.300493,1,VM10-1-9-207,174.0
softirq,cpu,03:37:06.300495,2,VM10-1-9-207,276.0
softirq,cpu,03:37:06.300496,3,VM10-1-9-207,302.0
steal,cpu,03:37:06.300497,0,VM10-1-9-207,97.0
steal,cpu,03:37:06.300498,1,VM10-1-9-207,108.0
steal,cpu,03:37:06.300499,2,VM10-1-9-207,285.0
steal,cpu,03:37:06.300500,3,VM10-1-9-207,251.0
idle,cpu,03:37:06.300501,0,VM10-1-9-207,6584333.0
idle,cpu,03:37:06.300502,1,VM10-1-9-207,6565466.0
idle,cpu,03:37:06.300503,2,VM10-1-9-207,6550343.0
idle,cpu,03:37:06.300504,3,VM10-1-9-207,6471544.0
user,cpu,03:37:16.299017,0,VM10-1-9-207,272450.0
user,cpu,03:37:16.299050,1,VM10-1-9-207,287450.0
user,cpu,03:37:16.299058,2,VM10-1-9-207,290016.0
user,cpu,03:37:16.299073,3,VM10-1-9-207,381358.0
system,cpu,03:37:16.299080,0,VM10-1-9-207,7410.0
system,cpu,03:37:16.299094,1,VM10-1-9-207,9250.0
system,cpu,03:37:16.299105,2,VM10-1-9-207,9350.0
system,cpu,03:37:16.299107,3,VM10-1-9-207,8370.0
wait,cpu,03:37:16.299109,0,VM10-1-9-207,3948.0
wait,cpu,03:37:16.299110,1,VM10-1-9-207,4628.0
wait,cpu,03:37:16.299112,2,VM10-1-9-207,4648.0
wait,cpu,03:37:16.299114,3,VM10-1-9-207,3933.0
nice,cpu,03:37:16.299116,0,VM10-1-9-207,32.0
nice,cpu,03:37:16.299118,1,VM10-1-9-207,0.0
nice,cpu,03:37:16.299120,2,VM10-1-9-207,7516.0
nice,cpu,03:37:16.299121,3,VM10-1-9-207,0.0
interrupt,cpu,03:37:16.299124,0,VM10-1-9-207,0.0
interrupt,cpu,03:37:16.299125,1,VM10-1-9-207,0.0
interrupt,cpu,03:37:16.299127,2,VM10-1-9-207,0.0
interrupt,cpu,03:37:16.299129,3,VM10-1-9-207,0.0
softirq,cpu,03:37:16.299131,0,VM10-1-9-207,316.0
softirq,cpu,03:37:16.299133,1,VM10-1-9-207,174.0
softirq,cpu,03:37:16.299134,2,VM10-1-9-207,276.0
softirq,cpu,03:37:16.299136,3,VM10-1-9-207,302.0
steal,cpu,03:37:16.299138,0,VM10-1-9-207,97.0
steal,cpu,03:37:16.299140,1,VM10-1-9-207,108.0
steal,cpu,03:37:16.299142,2,VM10-1-9-207,285.0
steal,cpu,03:37:16.299144,3,VM10-1-9-207,251.0
idle,cpu,03:37:16.299145,0,VM10-1-9-207,6584333.0
idle,cpu,03:37:16.299147,1,VM10-1-9-207,6566463.0
idle,cpu,03:37:16.299149,2,VM10-1-9-207,6551340.0
idle,cpu,03:37:16.299151,3,VM10-1-9-207,6472541.0
user,cpu,03:37:26.299459,0,VM10-1-9-207,273450.0
user,cpu,03:37:26.299474,1,VM10-1-9-207,287452.0
user,cpu,03:37:26.299561,2,VM10-1-9-207,290020.0
user,cpu,03:37:26.299567,3,VM10-1-9-207,381358.0
system,cpu,03:37:26.299573,0,VM10-1-9-207,7410.0
system,cpu,03:37:26.299578,1,VM10-1-9-207,9251.0
system,cpu,03:37:26.299641,2,VM10-1-9-207,9350.0
system,cpu,03:37:26.299672,3,VM10-1-9-207,8372.0
wait,cpu,03:37:26.299703,0,VM10-1-9-207,3948.0
wait,cpu,03:37:26.299736,1,VM10-1-9-207,4628.0
wait,cpu,03:37:26.300131,2,VM10-1-9-207,4648.0
wait,cpu,03:37:26.300132,3,VM10-1-9-207,3935.0
nice,cpu,03:37:26.300133,0,VM10-1-9-207,32.0
nice,cpu,03:37:26.300133,1,VM10-1-9-207,0.0
nice,cpu,03:37:26.300134,2,VM10-1-9-207,7516.0
nice,cpu,03:37:26.300135,3,VM10-1-9-207,0.0
interrupt,cpu,03:37:26.300136,0,VM10-1-9-207,0.0
interrupt,cpu,03:37:26.300137,1,VM10-1-9-207,0.0
interrupt,cpu,03:37:26.300137,2,VM10-1-9-207,0.0
interrupt,cpu,03:37:26.300138,3,VM10-1-9-207,0.0
softirq,cpu,03:37:26.300139,0,VM10-1-9-207,316.0
softirq,cpu,03:37:26.300139,1,VM10-1-9-207,174.0
softirq,cpu,03:37:26.300140,2,VM10-1-9-207,276.0
softirq,cpu,03:37:26.300141,3,VM10-1-9-207,302.0
steal,cpu,03:37:26.300142,0,VM10-1-9-207,97.0
steal,cpu,03:37:26.300153,1,VM10-1-9-207,108.0
steal,cpu,03:37:26.300153,2,VM10-1-9-207,285.0
steal,cpu,03:37:26.300154,3,VM10-1-9-207,252.0
idle,cpu,03:37:26.300155,0,VM10-1-9-207,6584333.0
idle,cpu,03:37:26.300155,1,VM10-1-9-207,6567460.0
idle,cpu,03:37:26.300156,2,VM10-1-9-207,6552336.0
idle,cpu,03:37:26.300157,3,VM10-1-9-207,6473534.0
user,cpu,03:37:36.298819,0,VM10-1-9-207,274450.0
user,cpu,03:37:36.298833,1,VM10-1-9-207,287455.0
user,cpu,03:37:36.298837,2,VM10-1-9-207,290024.0
user,cpu,03:37:36.309068,3,VM10-1-9-207,381358.0
system,cpu,03:37:36.309073,0,VM10-1-9-207,7410.0
system,cpu,03:37:36.309074,1,VM10-1-9-207,9252.0
system,cpu,03:37:36.309075,2,VM10-1-9-207,9354.0
system,cpu,03:37:36.309076,3,VM10-1-9-207,8372.0
wait,cpu,03:37:36.309077,0,VM10-1-9-207,3948.0
wait,cpu,03:37:36.309078,1,VM10-1-9-207,4628.0
wait,cpu,03:37:36.309078,2,VM10-1-9-207,4649.0
wait,cpu,03:37:36.309079,3,VM10-1-9-207,3935.0
nice,cpu,03:37:36.309079,0,VM10-1-9-207,32.0
nice,cpu,03:37:36.309080,1,VM10-1-9-207,0.0
nice,cpu,03:37:36.309081,2,VM10-1-9-207,7516.0
nice,cpu,03:37:36.309085,3,VM10-1-9-207,0.0
interrupt,cpu,03:37:36.309104,0,VM10-1-9-207,0.0
interrupt,cpu,03:37:36.309105,1,VM10-1-9-207,0.0
interrupt,cpu,03:37:36.309106,2,VM10-1-9-207,0.0
interrupt,cpu,03:37:36.309107,3,VM10-1-9-207,0.0
softirq,cpu,03:37:36.309108,0,VM10-1-9-207,316.0
softirq,cpu,03:37:36.309109,1,VM10-1-9-207,174.0
softirq,cpu,03:37:36.309110,2,VM10-1-9-207,276.0
softirq,cpu,03:37:36.309111,3,VM10-1-9-207,302.0
steal,cpu,03:37:36.309112,0,VM10-1-9-207,97.0
steal,cpu,03:37:36.309113,1,VM10-1-9-207,108.0
steal,cpu,03:37:36.309114,2,VM10-1-9-207,285.0
steal,cpu,03:37:36.309115,3,VM10-1-9-207,252.0
idle,cpu,03:37:36.309116,0,VM10-1-9-207,6584333.0
idle,cpu,03:37:36.309121,1,VM10-1-9-207,6568454.0
idle,cpu,03:37:36.309124,2,VM10-1-9-207,6553328.0
idle,cpu,03:37:36.309125,3,VM10-1-9-207,6474532.0
user,cpu,03:37:46.298827,0,VM10-1-9-207,275450.0
user,cpu,03:37:46.298841,1,VM10-1-9-207,287458.0
user,cpu,03:37:46.298851,2,VM10-1-9-207,290024.0
user,cpu,03:37:46.298856,3,VM10-1-9-207,381359.0
system,cpu,03:37:46.298860,0,VM10-1-9-207,7410.0
system,cpu,03:37:46.298863,1,VM10-1-9-207,9254.0
system,cpu,03:37:46.298864,2,VM10-1-9-207,9356.0
system,cpu,03:37:46.298865,3,VM10-1-9-207,8373.0
wait,cpu,03:37:46.298866,0,VM10-1-9-207,3948.0
wait,cpu,03:37:46.298867,1,VM10-1-9-207,4628.0
wait,cpu,03:37:46.298867,2,VM10-1-9-207,4649.0
wait,cpu,03:37:46.298868,3,VM10-1-9-207,3935.0
nice,cpu,03:37:46.298868,0,VM10-1-9-207,32.0
nice,cpu,03:37:46.298869,1,VM10-1-9-207,0.0
nice,cpu,03:37:46.298870,2,VM10-1-9-207,7516.0
nice,cpu,03:37:46.298871,3,VM10-1-9-207,0.0
interrupt,cpu,03:37:46.298872,0,VM10-1-9-207,0.0
interrupt,cpu,03:37:46.298872,1,VM10-1-9-207,0.0
interrupt,cpu,03:37:46.298874,2,VM10-1-9-207,0.0
interrupt,cpu,03:37:46.298874,3,VM10-1-9-207,0.0
softirq,cpu,03:37:46.298875,0,VM10-1-9-207,316.0
softirq,cpu,03:37:46.298877,1,VM10-1-9-207,174.0
softirq,cpu,03:37:46.298877,2,VM10-1-9-207,276.0
softirq,cpu,03:37:46.298878,3,VM10-1-9-207,302.0
steal,cpu,03:37:46.298879,0,VM10-1-9-207,97.0
steal,cpu,03:37:46.298879,1,VM10-1-9-207,108.0
steal,cpu,03:37:46.298894,2,VM10-1-9-207,285.0
steal,cpu,03:37:46.298895,3,VM10-1-9-207,252.0
idle,cpu,03:37:46.298896,0,VM10-1-9-207,6584333.0
idle,cpu,03:37:46.298897,1,VM10-1-9-207,6569452.0
idle,cpu,03:37:46.298898,2,VM10-1-9-207,6554326.0
idle,cpu,03:37:46.298899,3,VM10-1-9-207,6475530.0
user,cpu,03:37:56.298870,0,VM10-1-9-207,276449.0
user,cpu,03:37:56.298890,1,VM10-1-9-207,287458.0
user,cpu,03:37:56.298901,2,VM10-1-9-207,290026.0
user,cpu,03:37:56.298905,3,VM10-1-9-207,381360.0
system,cpu,03:37:56.298912,0,VM10-1-9-207,7410.0
system,cpu,03:37:56.298915,1,VM10-1-9-207,9256.0
system,cpu,03:37:56.298916,2,VM10-1-9-207,9357.0
system,cpu,03:37:56.298917,3,VM10-1-9-207,8375.0
wait,cpu,03:37:56.298918,0,VM10-1-9-207,3948.0
wait,cpu,03:37:56.298918,1,VM10-1-9-207,4628.0
wait,cpu,03:37:56.298919,2,VM10-1-9-207,4650.0
wait,cpu,03:37:56.298920,3,VM10-1-9-207,3936.0
nice,cpu,03:37:56.298920,0,VM10-1-9-207,32.0
nice,cpu,03:37:56.298921,1,VM10-1-9-207,0.0
nice,cpu,03:37:56.298922,2,VM10-1-9-207,7516.0
nice,cpu,03:37:56.298923,3,VM10-1-9-207,0.0
interrupt,cpu,03:37:56.298923,0,VM10-1-9-207,0.0
interrupt,cpu,03:37:56.298924,1,VM10-1-9-207,0.0
interrupt,cpu,03:37:56.298925,2,VM10-1-9-207,0.0
interrupt,cpu,03:37:56.298926,3,VM10-1-9-207,0.0
softirq,cpu,03:37:56.298926,0,VM10-1-9-207,316.0
softirq,cpu,03:37:56.298927,1,VM10-1-9-207,174.0
softirq,cpu,03:37:56.298927,2,VM10-1-9-207,276.0
softirq,cpu,03:37:56.298928,3,VM10-1-9-207,302.0
steal,cpu,03:37:56.298929,0,VM10-1-9-207,98.0
steal,cpu,03:37:56.298929,1,VM10-1-9-207,108.0
steal,cpu,03:37:56.298930,2,VM10-1-9-207,285.0
steal,cpu,03:37:56.298931,3,VM10-1-9-207,252.0
idle,cpu,03:37:56.298931,0,VM10-1-9-207,6584333.0
idle,cpu,03:37:56.298932,1,VM10-1-9-207,6570450.0
idle,cpu,03:37:56.298933,2,VM10-1-9-207,6555322.0
idle,cpu,03:37:56.298933,3,VM10-1-9-207,6476526.0
user,cpu,03:38:06.298778,0,VM10-1-9-207,277449.0
user,cpu,03:38:06.298793,1,VM10-1-9-207,287458.0
user,cpu,03:38:06.298802,2,VM10-1-9-207,290030.0
user,cpu,03:38:06.298808,3,VM10-1-9-207,381360.0
system,cpu,03:38:06.298818,0,VM10-1-9-207,7410.0
system,cpu,03:38:06.298831,1,VM10-1-9-207,9258.0
system,cpu,03:38:06.298836,2,VM10-1-9-207,9359.0
system,cpu,03:38:06.298837,3,VM10-1-9-207,8375.0
wait,cpu,03:38:06.298839,0,VM10-1-9-207,3948.0
wait,cpu,03:38:06.298840,1,VM10-1-9-207,4628.0
wait,cpu,03:38:06.299379,2,VM10-1-9-207,4650.0
wait,cpu,03:38:06.299381,3,VM10-1-9-207,3938.0
nice,cpu,03:38:06.299382,0,VM10-1-9-207,32.0
nice,cpu,03:38:06.299383,1,VM10-1-9-207,0.0
nice,cpu,03:38:06.299384,2,VM10-1-9-207,7516.0
nice,cpu,03:38:06.299385,3,VM10-1-9-207,0.0
interrupt,cpu,03:38:06.299386,0,VM10-1-9-207,0.0
interrupt,cpu,03:38:06.299387,1,VM10-1-9-207,0.0
interrupt,cpu,03:38:06.299387,2,VM10-1-9-207,0.0
interrupt,cpu,03:38:06.299388,3,VM10-1-9-207,0.0
softirq,cpu,03:38:06.299389,0,VM10-1-9-207,316.0
softirq,cpu,03:38:06.299391,1,VM10-1-9-207,174.0
softirq,cpu,03:38:06.299392,2,VM10-1-9-207,276.0
softirq,cpu,03:38:06.299393,3,VM10-1-9-207,303.0
steal,cpu,03:38:06.299394,0,VM10-1-9-207,98.0
steal,cpu,03:38:06.299395,1,VM10-1-9-207,108.0
steal,cpu,03:38:06.299396,2,VM10-1-9-207,285.0
steal,cpu,03:38:06.299397,3,VM10-1-9-207,252.0
idle,cpu,03:38:06.299398,0,VM10-1-9-207,6584333.0
idle,cpu,03:38:06.299399,1,VM10-1-9-207,6571447.0
idle,cpu,03:38:06.299400,2,VM10-1-9-207,6556318.0
idle,cpu,03:38:06.299401,3,VM10-1-9-207,6477522.0
user,cpu,03:38:16.298848,0,VM10-1-9-207,278449.0
user,cpu,03:38:16.299068,1,VM10-1-9-207,287460.0
user,cpu,03:38:16.299072,2,VM10-1-9-207,290031.0
user,cpu,03:38:16.299075,3,VM10-1-9-207,381361.0
system,cpu,03:38:16.299081,0,VM10-1-9-207,7410.0
system,cpu,03:38:16.299282,1,VM10-1-9-207,9259.0
system,cpu,03:38:16.299361,2,VM10-1-9-207,9360.0
system,cpu,03:38:16.299364,3,VM10-1-9-207,8376.0
wait,cpu,03:38:16.299489,0,VM10-1-9-207,3948.0
wait,cpu,03:38:16.299497,1,VM10-1-9-207,4628.0
wait,cpu,03:38:16.299502,2,VM10-1-9-207,4650.0
wait,cpu,03:38:16.299537,3,VM10-1-9-207,3938.0
nice,cpu,03:38:16.299542,0,VM10-1-9-207,32.0
nice,cpu,03:38:16.299562,1,VM10-1-9-207,0.0
nice,cpu,03:38:16.299586,2,VM10-1-9-207,7516.0
nice,cpu,03:38:16.299596,3,VM10-1-9-207,0.0
interrupt,cpu,03:38:16.299602,0,VM10-1-9-207,0.0
interrupt,cpu,03:38:16.299624,1,VM10-1-9-207,0.0
interrupt,cpu,03:38:16.299642,2,VM10-1-9-207,0.0
interrupt,cpu,03:38:16.299651,3,VM10-1-9-207,0.0
softirq,cpu,03:38:16.299661,0,VM10-1-9-207,316.0
softirq,cpu,03:38:16.299688,1,VM10-1-9-207,174.0
softirq,cpu,03:38:16.299694,2,VM10-1-9-207,276.0
softirq,cpu,03:38:16.300028,3,VM10-1-9-207,303.0
steal,cpu,03:38:16.300030,0,VM10-1-9-207,98.0
steal,cpu,03:38:16.300205,1,VM10-1-9-207,108.0
steal,cpu,03:38:16.300207,2,VM10-1-9-207,285.0
steal,cpu,03:38:16.300207,3,VM10-1-9-207,252.0
idle,cpu,03:38:16.300208,0,VM10-1-9-207,6584333.0
idle,cpu,03:38:16.300208,1,VM10-1-9-207,6572444.0
idle,cpu,03:38:16.300209,2,VM10-1-9-207,6557314.0
idle,cpu,03:38:16.300210,3,VM10-1-9-207,6478519.0
user,cpu,03:38:26.309302,0,VM10-1-9-207,279446.0
user,cpu,03:38:26.309369,1,VM10-1-9-207,287461.0
user,cpu,03:38:26.309380,2,VM10-1-9-207,290034.0
user,cpu,03:38:26.309403,3,VM10-1-9-207,381361.0
system,cpu,03:38:26.309430,0,VM10-1-9-207,7412.0
system,cpu,03:38:26.309440,1,VM10-1-9-207,9261.0
system,cpu,03:38:26.309450,2,VM10-1-9-207,9362.0
system,cpu,03:38:26.309454,3,VM10-1-9-207,8377.0
wait,cpu,03:38:26.309455,0,VM10-1-9-207,3948.0
wait,cpu,03:38:26.309457,1,VM10-1-9-207,4628.0
wait,cpu,03:38:26.309457,2,VM10-1-9-207,4651.0
wait,cpu,03:38:26.309458,3,VM10-1-9-207,3940.0
nice,cpu,03:38:26.309459,0,VM10-1-9-207,32.0
nice,cpu,03:38:26.309460,1,VM10-1-9-207,0.0
nice,cpu,03:38:26.309462,2,VM10-1-9-207,7516.0
nice,cpu,03:38:26.309462,3,VM10-1-9-207,0.0
interrupt,cpu,03:38:26.309464,0,VM10-1-9-207,0.0
interrupt,cpu,03:38:26.309465,1,VM10-1-9-207,0.0
interrupt,cpu,03:38:26.309466,2,VM10-1-9-207,0.0
interrupt,cpu,03:38:26.309470,3,VM10-1-9-207,0.0
softirq,cpu,03:38:26.309471,0,VM10-1-9-207,316.0
softirq,cpu,03:38:26.309472,1,VM10-1-9-207,174.0
softirq,cpu,03:38:26.309476,2,VM10-1-9-207,276.0
softirq,cpu,03:38:26.309477,3,VM10-1-9-207,303.0
steal,cpu,03:38:26.309479,0,VM10-1-9-207,98.0
steal,cpu,03:38:26.309480,1,VM10-1-9-207,108.0
steal,cpu,03:38:26.309481,2,VM10-1-9-207,285.0
steal,cpu,03:38:26.309482,3,VM10-1-9-207,252.0
idle,cpu,03:38:26.309484,0,VM10-1-9-207,6584333.0
idle,cpu,03:38:26.309484,1,VM10-1-9-207,6573442.0
idle,cpu,03:38:26.309488,2,VM10-1-9-207,6558310.0
idle,cpu,03:38:26.309489,3,VM10-1-9-207,6479515.0
user,cpu,03:38:36.298835,0,VM10-1-9-207,280445.0
user,cpu,03:38:36.298854,1,VM10-1-9-207,287463.0
user,cpu,03:38:36.298867,2,VM10-1-9-207,290035.0
user,cpu,03:38:36.298870,3,VM10-1-9-207,381362.0
system,cpu,03:38:36.298873,0,VM10-1-9-207,7414.0
system,cpu,03:38:36.298895,1,VM10-1-9-207,9261.0
system,cpu,03:38:36.298895,2,VM10-1-9-207,9364.0
system,cpu,03:38:36.298896,3,VM10-1-9-207,8378.0
wait,cpu,03:38:36.298897,0,VM10-1-9-207,3948.0
wait,cpu,03:38:36.298898,1,VM10-1-9-207,4628.0
wait,cpu,03:38:36.298898,2,VM10-1-9-207,4651.0
wait,cpu,03:38:36.298899,3,VM10-1-9-207,3940.0
nice,cpu,03:38:36.298899,0,VM10-1-9-207,32.0
nice,cpu,03:38:36.298900,1,VM10-1-9-207,0.0
nice,cpu,03:38:36.298901,2,VM10-1-9-207,7516.0
nice,cpu,03:38:36.298902,3,VM10-1-9-207,0.0
interrupt,cpu,03:38:36.298902,0,VM10-1-9-207,0.0
interrupt,cpu,03:38:36.298906,1,VM10-1-9-207,0.0
interrupt,cpu,03:38:36.298907,2,VM10-1-9-207,0.0
interrupt,cpu,03:38:36.298908,3,VM10-1-9-207,0.0
softirq,cpu,03:38:36.298909,0,VM10-1-9-207,316.0
softirq,cpu,03:38:36.298910,1,VM10-1-9-207,174.0
softirq,cpu,03:38:36.298916,2,VM10-1-9-207,276.0
softirq,cpu,03:38:36.298917,3,VM10-1-9-207,303.0
steal,cpu,03:38:36.298917,0,VM10-1-9-207,98.0
steal,cpu,03:38:36.298918,1,VM10-1-9-207,108.0
steal,cpu,03:38:36.298919,2,VM10-1-9-207,285.0
steal,cpu,03:38:36.298919,3,VM10-1-9-207,252.0
idle,cpu,03:38:36.298920,0,VM10-1-9-207,6584333.0
idle,cpu,03:38:36.298920,1,VM10-1-9-207,6574440.0
idle,cpu,03:38:36.298921,2,VM10-1-9-207,6559307.0
idle,cpu,03:38:36.298922,3,VM10-1-9-207,6480511.0
user,cpu,03:38:46.298773,0,VM10-1-9-207,281443.0
user,cpu,03:38:46.298786,1,VM10-1-9-207,287464.0
user,cpu,03:38:46.298789,2,VM10-1-9-207,290038.0
user,cpu,03:38:46.298792,3,VM10-1-9-207,381364.0
system,cpu,03:38:46.299003,0,VM10-1-9-207,7415.0
system,cpu,03:38:46.299009,1,VM10-1-9-207,9263.0
system,cpu,03:38:46.299014,2,VM10-1-9-207,9366.0
system,cpu,03:38:46.299019,3,VM10-1-9-207,8379.0
wait,cpu,03:38:46.299066,0,VM10-1-9-207,3948.0
wait,cpu,03:38:46.299087,1,VM10-1-9-207,4628.0
wait,cpu,03:38:46.299108,2,VM10-1-9-207,4652.0
wait,cpu,03:38:46.299129,3,VM10-1-9-207,3941.0
nice,cpu,03:38:46.299161,0,VM10-1-9-207,32.0
nice,cpu,03:38:46.299193,1,VM10-1-9-207,0.0
nice,cpu,03:38:46.299214,2,VM10-1-9-207,7516.0
nice,cpu,03:38:46.299235,3,VM10-1-9-207,0.0
interrupt,cpu,03:38:46.299261,0,VM10-1-9-207,0.0
interrupt,cpu,03:38:46.299283,1,VM10-1-9-207,0.0
interrupt,cpu,03:38:46.299502,2,VM10-1-9-207,0.0
interrupt,cpu,03:38:46.300461,3,VM10-1-9-207,0.0
softirq,cpu,03:38:46.300485,0,VM10-1-9-207,316.0
softirq,cpu,03:38:46.300507,1,VM10-1-9-207,174.0
softirq,cpu,03:38:46.300529,2,VM10-1-9-207,276.0
softirq,cpu,03:38:46.300550,3,VM10-1-9-207,303.0
steal,cpu,03:38:46.300571,0,VM10-1-9-207,98.0
steal,cpu,03:38:46.300592,1,VM10-1-9-207,108.0
steal,cpu,03:38:46.300640,2,VM10-1-9-207,285.0
steal,cpu,03:38:46.300672,3,VM10-1-9-207,252.0
idle,cpu,03:38:46.300679,0,VM10-1-9-207,6584333.0
idle,cpu,03:38:46.300699,1,VM10-1-9-207,6575437.0
idle,cpu,03:38:46.300705,2,VM10-1-9-207,6560302.0
idle,cpu,03:38:46.300705,3,VM10-1-9-207,6481507.0
user,cpu,03:38:56.298832,0,VM10-1-9-207,282441.0
user,cpu,03:38:56.299384,1,VM10-1-9-207,287465.0
user,cpu,03:38:56.300516,2,VM10-1-9-207,290039.0
user,cpu,03:38:56.300516,3,VM10-1-9-207,381364.0
system,cpu,03:38:56.300517,0,VM10-1-9-207,7417.0
system,cpu,03:38:56.300518,1,VM10-1-9-207,9264.0
system,cpu,03:38:56.300519,2,VM10-1-9-207,9366.0
system,cpu,03:38:56.300519,3,VM10-1-9-207,8380.0
wait,cpu,03:38:56.300520,0,VM10-1-9-207,3948.0
wait,cpu,03:38:56.300520,1,VM10-1-9-207,4628.0
wait,cpu,03:38:56.300521,2,VM10-1-9-207,4652.0
wait,cpu,03:38:56.300522,3,VM10-1-9-207,3942.0
nice,cpu,03:38:56.300523,0,VM10-1-9-207,32.0
nice,cpu,03:38:56.300523,1,VM10-1-9-207,0.0
nice,cpu,03:38:56.300524,2,VM10-1-9-207,7516.0
nice,cpu,03:38:56.300524,3,VM10-1-9-207,0.0
interrupt,cpu,03:38:56.300525,0,VM10-1-9-207,0.0
interrupt,cpu,03:38:56.300526,1,VM10-1-9-207,0.0
interrupt,cpu,03:38:56.300526,2,VM10-1-9-207,0.0
interrupt,cpu,03:38:56.300527,3,VM10-1-9-207,0.0
softirq,cpu,03:38:56.300528,0,VM10-1-9-207,316.0
softirq,cpu,03:38:56.300528,1,VM10-1-9-207,174.0
softirq,cpu,03:38:56.300529,2,VM10-1-9-207,276.0
softirq,cpu,03:38:56.300530,3,VM10-1-9-207,303.0
steal,cpu,03:38:56.300530,0,VM10-1-9-207,98.0
steal,cpu,03:38:56.300531,1,VM10-1-9-207,108.0
steal,cpu,03:38:56.300532,2,VM10-1-9-207,285.0
steal,cpu,03:38:56.300533,3,VM10-1-9-207,252.0
idle,cpu,03:38:56.300533,0,VM10-1-9-207,6584333.0
idle,cpu,03:38:56.300534,1,VM10-1-9-207,6576434.0
idle,cpu,03:38:56.300534,2,VM10-1-9-207,6561299.0
idle,cpu,03:38:56.300535,3,VM10-1-9-207,6482503.0
user,cpu,03:39:06.298913,0,VM10-1-9-207,283438.0
user,cpu,03:39:06.298926,1,VM10-1-9-207,287468.0
user,cpu,03:39:06.298938,2,VM10-1-9-207,290041.0
user,cpu,03:39:06.298942,3,VM10-1-9-207,381364.0
system,cpu,03:39:06.298946,0,VM10-1-9-207,7420.0
system,cpu,03:39:06.298950,1,VM10-1-9-207,9265.0
system,cpu,03:39:06.298950,2,VM10-1-9-207,9368.0
system,cpu,03:39:06.298951,3,VM10-1-9-207,8382.0
wait,cpu,03:39:06.298952,0,VM10-1-9-207,3948.0
wait,cpu,03:39:06.298952,1,VM10-1-9-207,4628.0
wait,cpu,03:39:06.298953,2,VM10-1-9-207,4653.0
wait,cpu,03:39:06.298954,3,VM10-1-9-207,3942.0
nice,cpu,03:39:06.298954,0,VM10-1-9-207,32.0
nice,cpu,03:39:06.298955,1,VM10-1-9-207,0.0
nice,cpu,03:39:06.298956,2,VM10-1-9-207,7516.0
nice,cpu,03:39:06.298957,3,VM10-1-9-207,0.0
interrupt,cpu,03:39:06.298957,0,VM10-1-9-207,0.0
interrupt,cpu,03:39:06.298965,1,VM10-1-9-207,0.0
interrupt,cpu,03:39:06.298966,2,VM10-1-9-207,0.0
interrupt,cpu,03:39:06.298967,3,VM10-1-9-207,0.0
softirq,cpu,03:39:06.298968,0,VM10-1-9-207,316.0
softirq,cpu,03:39:06.298969,1,VM10-1-9-207,174.0
softirq,cpu,03:39:06.298970,2,VM10-1-9-207,276.0
softirq,cpu,03:39:06.298971,3,VM10-1-9-207,303.0
steal,cpu,03:39:06.298972,0,VM10-1-9-207,99.0
steal,cpu,03:39:06.298973,1,VM10-1-9-207,108.0
steal,cpu,03:39:06.298973,2,VM10-1-9-207,285.0
steal,cpu,03:39:06.298974,3,VM10-1-9-207,252.0
idle,cpu,03:39:06.298975,0,VM10-1-9-207,6584333.0
idle,cpu,03:39:06.298976,1,VM10-1-9-207,6577430.0
idle,cpu,03:39:06.298976,2,VM10-1-9-207,6562296.0
idle,cpu,03:39:06.298978,3,VM10-1-9-207,6483500.0
user,cpu,03:39:16.298937,0,VM10-1-9-207,284434.0
user,cpu,03:39:16.298960,1,VM10-1-9-207,287469.0
user,cpu,03:39:16.298975,2,VM10-1-9-207,290045.0
user,cpu,03:39:16.298982,3,VM10-1-9-207,381364.0
system,cpu,03:39:16.298996,0,VM10-1-9-207,7423.0
system,cpu,03:39:16.299003,1,VM10-1-9-207,9267.0
system,cpu,03:39:16.299004,2,VM10-1-9-207,9370.0
system,cpu,03:39:16.299006,3,VM10-1-9-207,8383.0
wait,cpu,03:39:16.299007,0,VM10-1-9-207,3948.0
wait,cpu,03:39:16.299008,1,VM10-1-9-207,4628.0
wait,cpu,03:39:16.299010,2,VM10-1-9-207,4653.0
wait,cpu,03:39:16.299011,3,VM10-1-9-207,3942.0
nice,cpu,03:39:16.299012,0,VM10-1-9-207,32.0
nice,cpu,03:39:16.299013,1,VM10-1-9-207,0.0
nice,cpu,03:39:16.299015,2,VM10-1-9-207,7516.0
nice,cpu,03:39:16.299016,3,VM10-1-9-207,0.0
interrupt,cpu,03:39:16.299017,0,VM10-1-9-207,0.0
interrupt,cpu,03:39:16.299019,1,VM10-1-9-207,0.0
interrupt,cpu,03:39:16.299020,2,VM10-1-9-207,0.0
interrupt,cpu,03:39:16.299021,3,VM10-1-9-207,0.0
softirq,cpu,03:39:16.299023,0,VM10-1-9-207,316.0
softirq,cpu,03:39:16.299024,1,VM10-1-9-207,174.0
softirq,cpu,03:39:16.299025,2,VM10-1-9-207,276.0
softirq,cpu,03:39:16.299026,3,VM10-1-9-207,303.0
steal,cpu,03:39:16.299028,0,VM10-1-9-207,99.0
steal,cpu,03:39:16.299029,1,VM10-1-9-207,108.0
steal,cpu,03:39:16.299031,2,VM10-1-9-207,285.0
steal,cpu,03:39:16.299031,3,VM10-1-9-207,252.0
idle,cpu,03:39:16.299033,0,VM10-1-9-207,6584333.0
idle,cpu,03:39:16.299034,1,VM10-1-9-207,6578428.0
idle,cpu,03:39:16.299035,2,VM10-1-9-207,6563292.0
idle,cpu,03:39:16.299037,3,VM10-1-9-207,6484497.0
user,cpu,03:39:26.298843,0,VM10-1-9-207,285430.0
user,cpu,03:39:26.298936,1,VM10-1-9-207,287471.0
user,cpu,03:39:26.298945,2,VM10-1-9-207,290048.0
user,cpu,03:39:26.298954,3,VM10-1-9-207,381365.0
system,cpu,03:39:26.298967,0,VM10-1-9-207,7427.0
system,cpu,03:39:26.298975,1,VM10-1-9-207,9268.0
system,cpu,03:39:26.299036,2,VM10-1-9-207,9372.0
system,cpu,03:39:26.299050,3,VM10-1-9-207,8384.0
wait,cpu,03:39:26.299066,0,VM10-1-9-207,3948.0
wait,cpu,03:39:26.299079,1,VM10-1-9-207,4628.0
wait,cpu,03:39:26.299101,2,VM10-1-9-207,4654.0
wait,cpu,03:39:26.299102,3,VM10-1-9-207,3944.0
nice,cpu,03:39:26.299103,0,VM10-1-9-207,32.0
nice,cpu,03:39:26.299104,1,VM10-1-9-207,0.0
nice,cpu,03:39:26.299106,2,VM10-1-9-207,7516.0
nice,cpu,03:39:26.299107,3,VM10-1-9-207,0.0
interrupt,cpu,03:39:26.299108,0,VM10-1-9-207,0.0
interrupt,cpu,03:39:26.299109,1,VM10-1-9-207,0.0
interrupt,cpu,03:39:26.299110,2,VM10-1-9-207,0.0
interrupt,cpu,03:39:26.299110,3,VM10-1-9-207,0.0
softirq,cpu,03:39:26.299111,0,VM10-1-9-207,316.0
softirq,cpu,03:39:26.299112,1,VM10-1-9-207,174.0
softirq,cpu,03:39:26.299113,2,VM10-1-9-207,276.0
softirq,cpu,03:39:26.299116,3,VM10-1-9-207,303.0
steal,cpu,03:39:26.299118,0,VM10-1-9-207,99.0
steal,cpu,03:39:26.299118,1,VM10-1-9-207,108.0
steal,cpu,03:39:26.299119,2,VM10-1-9-207,285.0
steal,cpu,03:39:26.299120,3,VM10-1-9-207,252.0
idle,cpu,03:39:26.299121,0,VM10-1-9-207,6584333.0
idle,cpu,03:39:26.299122,1,VM10-1-9-207,6579425.0
idle,cpu,03:39:26.299123,2,VM10-1-9-207,6564288.0
idle,cpu,03:39:26.299124,3,VM10-1-9-207,6485493.0
user,cpu,03:39:36.298990,0,VM10-1-9-207,286429.0
user,cpu,03:39:36.299011,1,VM10-1-9-207,287474.0
user,cpu,03:39:36.299026,2,VM10-1-9-207,290051.0
user,cpu,03:39:36.299037,3,VM10-1-9-207,381365.0
system,cpu,03:39:36.299043,0,VM10-1-9-207,7428.0
system,cpu,03:39:36.299048,1,VM10-1-9-207,9270.0
system,cpu,03:39:36.299050,2,VM10-1-9-207,9375.0
system,cpu,03:39:36.299051,3,VM10-1-9-207,8384.0
wait,cpu,03:39:36.299052,0,VM10-1-9-207,3948.0
wait,cpu,03:39:36.299053,1,VM10-1-9-207,4628.0
wait,cpu,03:39:36.299055,2,VM10-1-9-207,4654.0
wait,cpu,03:39:36.299055,3,VM10-1-9-207,3944.0
nice,cpu,03:39:36.299057,0,VM10-1-9-207,32.0
nice,cpu,03:39:36.299058,1,VM10-1-9-207,0.0
nice,cpu,03:39:36.299059,2,VM10-1-9-207,7516.0
nice,cpu,03:39:36.299060,3,VM10-1-9-207,0.0
interrupt,cpu,03:39:36.299062,0,VM10-1-9-207,0.0
interrupt,cpu,03:39:36.299062,1,VM10-1-9-207,0.0
interrupt,cpu,03:39:36.299063,2,VM10-1-9-207,0.0
interrupt,cpu,03:39:36.299065,3,VM10-1-9-207,0.0
softirq,cpu,03:39:36.299066,0,VM10-1-9-207,316.0
softirq,cpu,03:39:36.299067,1,VM10-1-9-207,174.0
softirq,cpu,03:39:36.299068,2,VM10-1-9-207,276.0
softirq,cpu,03:39:36.299069,3,VM10-1-9-207,304.0
steal,cpu,03:39:36.299070,0,VM10-1-9-207,99.0
steal,cpu,03:39:36.299072,1,VM10-1-9-207,108.0
steal,cpu,03:39:36.299073,2,VM10-1-9-207,285.0
steal,cpu,03:39:36.299074,3,VM10-1-9-207,252.0
idle,cpu,03:39:36.299075,0,VM10-1-9-207,6584333.0
idle,cpu,03:39:36.299076,1,VM10-1-9-207,6580421.0
idle,cpu,03:39:36.299077,2,VM10-1-9-207,6565283.0
idle,cpu,03:39:36.299078,3,VM10-1-9-207,6486492.0
user,cpu,03:39:46.298914,0,VM10-1-9-207,287426.0
user,cpu,03:39:46.298939,1,VM10-1-9-207,287474.0
user,cpu,03:39:46.298951,2,VM10-1-9-207,290054.0
user,cpu,03:39:46.298957,3,VM10-1-9-207,381365.0
system,cpu,03:39:46.298970,0,VM10-1-9-207,7431.0
system,cpu,03:39:46.298981,1,VM10-1-9-207,9271.0
system,cpu,03:39:46.298982,2,VM10-1-9-207,9378.0
system,cpu,03:39:46.298984,3,VM10-1-9-207,8386.0
wait,cpu,03:39:46.298985,0,VM10-1-9-207,3948.0
wait,cpu,03:39:46.298986,1,VM10-1-9-207,4628.0
wait,cpu,03:39:46.298988,2,VM10-1-9-207,4654.0
wait,cpu,03:39:46.298989,3,VM10-1-9-207,3944.0
nice,cpu,03:39:46.298990,0,VM10-1-9-207,32.0
nice,cpu,03:39:46.298991,1,VM10-1-9-207,0.0
nice,cpu,03:39:46.298992,2,VM10-1-9-207,7516.0
nice,cpu,03:39:46.298994,3,VM10-1-9-207,0.0
interrupt,cpu,03:39:46.298995,0,VM10-1-9-207,0.0
interrupt,cpu,03:39:46.298997,1,VM10-1-9-207,0.0
interrupt,cpu,03:39:46.299002,2,VM10-1-9-207,0.0
interrupt,cpu,03:39:46.299003,3,VM10-1-9-207,0.0
softirq,cpu,03:39:46.299004,0,VM10-1-9-207,316.0
softirq,cpu,03:39:46.299006,1,VM10-1-9-207,174.0
softirq,cpu,03:39:46.299006,2,VM10-1-9-207,276.0
softirq,cpu,03:39:46.299014,3,VM10-1-9-207,304.0
steal,cpu,03:39:46.299016,0,VM10-1-9-207,99.0
steal,cpu,03:39:46.299016,1,VM10-1-9-207,108.0
steal,cpu,03:39:46.299018,2,VM10-1-9-207,285.0
steal,cpu,03:39:46.299019,3,VM10-1-9-207,252.0
idle,cpu,03:39:46.299020,0,VM10-1-9-207,6584333.0
idle,cpu,03:39:46.299021,1,VM10-1-9-207,6581419.0
idle,cpu,03:39:46.299022,2,VM10-1-9-207,6566278.0
idle,cpu,03:39:46.299023,3,VM10-1-9-207,6487489.0
user,cpu,03:39:56.299615,0,VM10-1-9-207,288423.0
user,cpu,03:39:56.299616,1,VM10-1-9-207,287475.0
user,cpu,03:39:56.299618,2,VM10-1-9-207,290057.0
user,cpu,03:39:56.299619,3,VM10-1-9-207,381365.0
system,cpu,03:39:56.299620,0,VM10-1-9-207,7434.0
system,cpu,03:39:56.299621,1,VM10-1-9-207,9271.0
system,cpu,03:39:56.299622,2,VM10-1-9-207,9380.0
system,cpu,03:39:56.299623,3,VM10-1-9-207,8386.0
wait,cpu,03:39:56.299625,0,VM10-1-9-207,3948.0
wait,cpu,03:39:56.299626,1,VM10-1-9-207,4629.0
wait,cpu,03:39:56.299627,2,VM10-1-9-207,4655.0
wait,cpu,03:39:56.299628,3,VM10-1-9-207,3946.0
nice,cpu,03:39:56.299629,0,VM10-1-9-207,32.0
nice,cpu,03:39:56.299630,1,VM10-1-9-207,0.0
nice,cpu,03:39:56.299639,2,VM10-1-9-207,7516.0
nice,cpu,03:39:56.299640,3,VM10-1-9-207,0.0
interrupt,cpu,03:39:56.299642,0,VM10-1-9-207,0.0
interrupt,cpu,03:39:56.299643,1,VM10-1-9-207,0.0
interrupt,cpu,03:39:56.299644,2,VM10-1-9-207,0.0
interrupt,cpu,03:39:56.299645,3,VM10-1-9-207,0.0
softirq,cpu,03:39:56.299647,0,VM10-1-9-207,316.0
softirq,cpu,03:39:56.299648,1,VM10-1-9-207,174.0
softirq,cpu,03:39:56.299649,2,VM10-1-9-207,276.0
softirq,cpu,03:39:56.299651,3,VM10-1-9-207,304.0
steal,cpu,03:39:56.299652,0,VM10-1-9-207,100.0
steal,cpu,03:39:56.299653,1,VM10-1-9-207,108.0
steal,cpu,03:39:56.299654,2,VM10-1-9-207,285.0
steal,cpu,03:39:56.299656,3,VM10-1-9-207,252.0
idle,cpu,03:39:56.299657,0,VM10-1-9-207,6584333.0
idle,cpu,03:39:56.299658,1,VM10-1-9-207,6582418.0
idle,cpu,03:39:56.299659,2,VM10-1-9-207,6567272.0
idle,cpu,03:39:56.299661,3,VM10-1-9-207,6488485.0
user,cpu,03:40:06.298869,0,VM10-1-9-207,289417.0
user,cpu,03:40:06.298892,1,VM10-1-9-207,287476.0
user,cpu,03:40:06.298904,2,VM10-1-9-207,290060.0
user,cpu,03:40:06.298908,3,VM10-1-9-207,381366.0
system,cpu,03:40:06.298911,0,VM10-1-9-207,7440.0
system,cpu,03:40:06.298914,1,VM10-1-9-207,9271.0
system,cpu,03:40:06.298914,2,VM10-1-9-207,9384.0
system,cpu,03:40:06.298915,3,VM10-1-9-207,8386.0
wait,cpu,03:40:06.298916,0,VM10-1-9-207,3948.0
wait,cpu,03:40:06.298916,1,VM10-1-9-207,4629.0
wait,cpu,03:40:06.298917,2,VM10-1-9-207,4656.0
wait,cpu,03:40:06.298917,3,VM10-1-9-207,3946.0
nice,cpu,03:40:06.298918,0,VM10-1-9-207,32.0
nice,cpu,03:40:06.298919,1,VM10-1-9-207,0.0
nice,cpu,03:40:06.298919,2,VM10-1-9-207,7516.0
nice,cpu,03:40:06.298920,3,VM10-1-9-207,0.0
interrupt,cpu,03:40:06.298921,0,VM10-1-9-207,0.0
interrupt,cpu,03:40:06.298922,1,VM10-1-9-207,0.0
interrupt,cpu,03:40:06.298922,2,VM10-1-9-207,0.0
interrupt,cpu,03:40:06.298923,3,VM10-1-9-207,0.0
softirq,cpu,03:40:06.298923,0,VM10-1-9-207,316.0
softirq,cpu,03:40:06.298924,1,VM10-1-9-207,174.0
softirq,cpu,03:40:06.298925,2,VM10-1-9-207,276.0
softirq,cpu,03:40:06.298926,3,VM10-1-9-207,304.0
steal,cpu,03:40:06.298926,0,VM10-1-9-207,100.0
steal,cpu,03:40:06.298927,1,VM10-1-9-207,108.0
steal,cpu,03:40:06.298927,2,VM10-1-9-207,285.0
steal,cpu,03:40:06.298928,3,VM10-1-9-207,252.0
idle,cpu,03:40:06.298929,0,VM10-1-9-207,6584333.0
idle,cpu,03:40:06.298929,1,VM10-1-9-207,6583417.0
idle,cpu,03:40:06.298930,2,VM10-1-9-207,6568266.0
idle,cpu,03:40:06.298931,3,VM10-1-9-207,6489483.0
user,cpu,03:40:16.298820,0,VM10-1-9-207,290412.0
user,cpu,03:40:16.298832,1,VM10-1-9-207,287476.0
user,cpu,03:40:16.298846,2,VM10-1-9-207,290064.0
user,cpu,03:40:16.298854,3,VM10-1-9-207,381366.0
system,cpu,03:40:16.298857,0,VM10-1-9-207,7445.0
system,cpu,03:40:16.298871,1,VM10-1-9-207,9272.0
system,cpu,03:40:16.298872,2,VM10-1-9-207,9386.0
system,cpu,03:40:16.298872,3,VM10-1-9-207,8386.0
wait,cpu,03:40:16.298873,0,VM10-1-9-207,3948.0
wait,cpu,03:40:16.298874,1,VM10-1-9-207,4629.0
wait,cpu,03:40:16.298874,2,VM10-1-9-207,4656.0
wait,cpu,03:40:16.298875,3,VM10-1-9-207,3948.0
nice,cpu,03:40:16.298882,0,VM10-1-9-207,32.0
nice,cpu,03:40:16.298883,1,VM10-1-9-207,0.0
nice,cpu,03:40:16.298884,2,VM10-1-9-207,7516.0
nice,cpu,03:40:16.298884,3,VM10-1-9-207,0.0
interrupt,cpu,03:40:16.298885,0,VM10-1-9-207,0.0
interrupt,cpu,03:40:16.298886,1,VM10-1-9-207,0.0
interrupt,cpu,03:40:16.298887,2,VM10-1-9-207,0.0
interrupt,cpu,03:40:16.298888,3,VM10-1-9-207,0.0
softirq,cpu,03:40:16.298888,0,VM10-1-9-207,316.0
softirq,cpu,03:40:16.298889,1,VM10-1-9-207,174.0
softirq,cpu,03:40:16.298897,2,VM10-1-9-207,276.0
softirq,cpu,03:40:16.298898,3,VM10-1-9-207,304.0
steal,cpu,03:40:16.298898,0,VM10-1-9-207,100.0
steal,cpu,03:40:16.298899,1,VM10-1-9-207,108.0
steal,cpu,03:40:16.298900,2,VM10-1-9-207,285.0
steal,cpu,03:40:16.298900,3,VM10-1-9-207,253.0
idle,cpu,03:40:16.298901,0,VM10-1-9-207,6584333.0
idle,cpu,03:40:16.298902,1,VM10-1-9-207,6584416.0
idle,cpu,03:40:16.298902,2,VM10-1-9-207,6569261.0
idle,cpu,03:40:16.298903,3,VM10-1-9-207,6490479.0
user,cpu,03:40:26.298850,0,VM10-1-9-207,291406.0
user,cpu,03:40:26.300239,1,VM10-1-9-207,287476.0
user,cpu,03:40:26.300240,2,VM10-1-9-207,290066.0
user,cpu,03:40:26.300240,3,VM10-1-9-207,381366.0
system,cpu,03:40:26.300241,0,VM10-1-9-207,7449.0
system,cpu,03:40:26.300243,1,VM10-1-9-207,9272.0
system,cpu,03:40:26.300243,2,VM10-1-9-207,9390.0
system,cpu,03:40:26.300244,3,VM10-1-9-207,8387.0
wait,cpu,03:40:26.300245,0,VM10-1-9-207,3948.0
wait,cpu,03:40:26.300246,1,VM10-1-9-207,4629.0
wait,cpu,03:40:26.300246,2,VM10-1-9-207,4657.0
wait,cpu,03:40:26.300247,3,VM10-1-9-207,3950.0
nice,cpu,03:40:26.300248,0,VM10-1-9-207,32.0
nice,cpu,03:40:26.300248,1,VM10-1-9-207,0.0
nice,cpu,03:40:26.300249,2,VM10-1-9-207,7516.0
nice,cpu,03:40:26.300250,3,VM10-1-9-207,0.0
interrupt,cpu,03:40:26.300251,0,VM10-1-9-207,0.0
interrupt,cpu,03:40:26.300252,1,VM10-1-9-207,0.0
interrupt,cpu,03:40:26.300252,2,VM10-1-9-207,0.0
interrupt,cpu,03:40:26.300253,3,VM10-1-9-207,0.0
softirq,cpu,03:40:26.300257,0,VM10-1-9-207,316.0
softirq,cpu,03:40:26.300258,1,VM10-1-9-207,174.0
softirq,cpu,03:40:26.300259,2,VM10-1-9-207,276.0
softirq,cpu,03:40:26.300259,3,VM10-1-9-207,304.0
steal,cpu,03:40:26.300260,0,VM10-1-9-207,101.0
steal,cpu,03:40:26.300261,1,VM10-1-9-207,108.0
steal,cpu,03:40:26.300262,2,VM10-1-9-207,285.0
steal,cpu,03:40:26.300262,3,VM10-1-9-207,253.0
idle,cpu,03:40:26.300263,0,VM10-1-9-207,6584333.0
idle,cpu,03:40:26.300264,1,VM10-1-9-207,6585415.0
idle,cpu,03:40:26.300264,2,VM10-1-9-207,6570255.0
idle,cpu,03:40:26.300266,3,VM10-1-9-207,6491476.0
user,cpu,03:40:36.299044,0,VM10-1-9-207,292401.0
user,cpu,03:40:36.299068,1,VM10-1-9-207,287478.0
user,cpu,03:40:36.299086,2,VM10-1-9-207,290068.0
user,cpu,03:40:36.299093,3,VM10-1-9-207,381366.0
system,cpu,03:40:36.299100,0,VM10-1-9-207,7454.0
system,cpu,03:40:36.299106,1,VM10-1-9-207,9272.0
system,cpu,03:40:36.299107,2,VM10-1-9-207,9393.0
system,cpu,03:40:36.299108,3,VM10-1-9-207,8388.0
wait,cpu,03:40:36.299110,0,VM10-1-9-207,3948.0
wait,cpu,03:40:36.299111,1,VM10-1-9-207,4629.0
wait,cpu,03:40:36.299113,2,VM10-1-9-207,4658.0
wait,cpu,03:40:36.299114,3,VM10-1-9-207,3950.0
nice,cpu,03:40:36.299115,0,VM10-1-9-207,32.0
nice,cpu,03:40:36.299116,1,VM10-1-9-207,0.0
nice,cpu,03:40:36.299118,2,VM10-1-9-207,7516.0
nice,cpu,03:40:36.299119,3,VM10-1-9-207,0.0
interrupt,cpu,03:40:36.299121,0,VM10-1-9-207,0.0
interrupt,cpu,03:40:36.299122,1,VM10-1-9-207,0.0
interrupt,cpu,03:40:36.299124,2,VM10-1-9-207,0.0
interrupt,cpu,03:40:36.299124,3,VM10-1-9-207,0.0
softirq,cpu,03:40:36.299126,0,VM10-1-9-207,316.0
softirq,cpu,03:40:36.299127,1,VM10-1-9-207,174.0
softirq,cpu,03:40:36.299128,2,VM10-1-9-207,276.0
softirq,cpu,03:40:36.299129,3,VM10-1-9-207,304.0
steal,cpu,03:40:36.299130,0,VM10-1-9-207,101.0
steal,cpu,03:40:36.299131,1,VM10-1-9-207,108.0
steal,cpu,03:40:36.299133,2,VM10-1-9-207,285.0
steal,cpu,03:40:36.299134,3,VM10-1-9-207,253.0
idle,cpu,03:40:36.299135,0,VM10-1-9-207,6584333.0
idle,cpu,03:40:36.299136,1,VM10-1-9-207,6586413.0
idle,cpu,03:40:36.299137,2,VM10-1-9-207,6571250.0
idle,cpu,03:40:36.299138,3,VM10-1-9-207,6492473.0
user,cpu,03:40:46.298835,0,VM10-1-9-207,293397.0
user,cpu,03:40:46.298850,1,VM10-1-9-207,287481.0
user,cpu,03:40:46.298853,2,VM10-1-9-207,290071.0
user,cpu,03:40:46.298868,3,VM10-1-9-207,381367.0
system,cpu,03:40:46.298871,0,VM10-1-9-207,7458.0
system,cpu,03:40:46.298892,1,VM10-1-9-207,9273.0
system,cpu,03:40:46.298893,2,VM10-1-9-207,9395.0
system,cpu,03:40:46.298893,3,VM10-1-9-207,8390.0
wait,cpu,03:40:46.298894,0,VM10-1-9-207,3948.0
wait,cpu,03:40:46.298894,1,VM10-1-9-207,4629.0
wait,cpu,03:40:46.298895,2,VM10-1-9-207,4658.0
wait,cpu,03:40:46.298895,3,VM10-1-9-207,3953.0
nice,cpu,03:40:46.298896,0,VM10-1-9-207,32.0
nice,cpu,03:40:46.298896,1,VM10-1-9-207,0.0
nice,cpu,03:40:46.298897,2,VM10-1-9-207,7516.0
nice,cpu,03:40:46.298898,3,VM10-1-9-207,0.0
interrupt,cpu,03:40:46.298898,0,VM10-1-9-207,0.0
interrupt,cpu,03:40:46.298899,1,VM10-1-9-207,0.0
interrupt,cpu,03:40:46.298899,2,VM10-1-9-207,0.0
interrupt,cpu,03:40:46.298900,3,VM10-1-9-207,0.0
softirq,cpu,03:40:46.298901,0,VM10-1-9-207,316.0
softirq,cpu,03:40:46.298901,1,VM10-1-9-207,175.0
softirq,cpu,03:40:46.298902,2,VM10-1-9-207,276.0
softirq,cpu,03:40:46.298903,3,VM10-1-9-207,304.0
steal,cpu,03:40:46.298903,0,VM10-1-9-207,101.0
steal,cpu,03:40:46.298904,1,VM10-1-9-207,108.0
steal,cpu,03:40:46.298904,2,VM10-1-9-207,286.0
steal,cpu,03:40:46.298905,3,VM10-1-9-207,253.0
idle,cpu,03:40:46.298905,0,VM10-1-9-207,6584333.0
idle,cpu,03:40:46.298906,1,VM10-1-9-207,6587411.0
idle,cpu,03:40:46.298907,2,VM10-1-9-207,6572244.0
idle,cpu,03:40:46.298907,3,VM10-1-9-207,6493467.0
user,cpu,03:40:56.298847,0,VM10-1-9-207,294392.0
user,cpu,03:40:56.298859,1,VM10-1-9-207,287482.0
user,cpu,03:40:56.298869,2,VM10-1-9-207,290074.0
user,cpu,03:40:56.298874,3,VM10-1-9-207,381368.0
system,cpu,03:40:56.298892,0,VM10-1-9-207,7463.0
system,cpu,03:40:56.298899,1,VM10-1-9-207,9274.0
system,cpu,03:40:56.298899,2,VM10-1-9-207,9398.0
system,cpu,03:40:56.298900,3,VM10-1-9-207,8390.0
wait,cpu,03:40:56.298900,0,VM10-1-9-207,3948.0
wait,cpu,03:40:56.298901,1,VM10-1-9-207,4629.0
wait,cpu,03:40:56.298902,2,VM10-1-9-207,4659.0
wait,cpu,03:40:56.298902,3,VM10-1-9-207,3953.0
nice,cpu,03:40:56.298903,0,VM10-1-9-207,32.0
nice,cpu,03:40:56.298903,1,VM10-1-9-207,0.0
nice,cpu,03:40:56.298903,2,VM10-1-9-207,7516.0
nice,cpu,03:40:56.298904,3,VM10-1-9-207,0.0
interrupt,cpu,03:40:56.298905,0,VM10-1-9-207,0.0
interrupt,cpu,03:40:56.298906,1,VM10-1-9-207,0.0
interrupt,cpu,03:40:56.298906,2,VM10-1-9-207,0.0
interrupt,cpu,03:40:56.298907,3,VM10-1-9-207,0.0
softirq,cpu,03:40:56.298907,0,VM10-1-9-207,316.0
softirq,cpu,03:40:56.298908,1,VM10-1-9-207,175.0
softirq,cpu,03:40:56.298909,2,VM10-1-9-207,276.0
softirq,cpu,03:40:56.298910,3,VM10-1-9-207,304.0
steal,cpu,03:40:56.298910,0,VM10-1-9-207,101.0
steal,cpu,03:40:56.298911,1,VM10-1-9-207,108.0
steal,cpu,03:40:56.298912,2,VM10-1-9-207,286.0
steal,cpu,03:40:56.298912,3,VM10-1-9-207,253.0
idle,cpu,03:40:56.298913,0,VM10-1-9-207,6584333.0
idle,cpu,03:40:56.298914,1,VM10-1-9-207,6588409.0
idle,cpu,03:40:56.298915,2,VM10-1-9-207,6573239.0
idle,cpu,03:40:56.298915,3,VM10-1-9-207,6494465.0
user,cpu,03:41:06.298827,0,VM10-1-9-207,295387.0
user,cpu,03:41:06.298841,1,VM10-1-9-207,287483.0
user,cpu,03:41:06.298856,2,VM10-1-9-207,290077.0
user,cpu,03:41:06.298861,3,VM10-1-9-207,381368.0
system,cpu,03:41:06.298888,0,VM10-1-9-207,7468.0
system,cpu,03:41:06.298894,1,VM10-1-9-207,9275.0
system,cpu,03:41:06.298895,2,VM10-1-9-207,9402.0
system,cpu,03:41:06.298895,3,VM10-1-9-207,8390.0
wait,cpu,03:41:06.298896,0,VM10-1-9-207,3948.0
wait,cpu,03:41:06.298897,1,VM10-1-9-207,4629.0
wait,cpu,03:41:06.298898,2,VM10-1-9-207,4659.0
wait,cpu,03:41:06.298898,3,VM10-1-9-207,3953.0
nice,cpu,03:41:06.298899,0,VM10-1-9-207,32.0
nice,cpu,03:41:06.298899,1,VM10-1-9-207,0.0
nice,cpu,03:41:06.298900,2,VM10-1-9-207,7516.0
nice,cpu,03:41:06.298900,3,VM10-1-9-207,0.0
interrupt,cpu,03:41:06.298901,0,VM10-1-9-207,0.0
interrupt,cpu,03:41:06.298902,1,VM10-1-9-207,0.0
interrupt,cpu,03:41:06.298903,2,VM10-1-9-207,0.0
interrupt,cpu,03:41:06.298903,3,VM10-1-9-207,0.0
softirq,cpu,03:41:06.298904,0,VM10-1-9-207,316.0
softirq,cpu,03:41:06.298905,1,VM10-1-9-207,175.0
softirq,cpu,03:41:06.298906,2,VM10-1-9-207,276.0
softirq,cpu,03:41:06.298906,3,VM10-1-9-207,305.0
steal,cpu,03:41:06.298907,0,VM10-1-9-207,102.0
steal,cpu,03:41:06.298908,1,VM10-1-9-207,108.0
steal,cpu,03:41:06.298909,2,VM10-1-9-207,286.0
steal,cpu,03:41:06.298910,3,VM10-1-9-207,253.0
idle,cpu,03:41:06.298910,0,VM10-1-9-207,6584333.0
idle,cpu,03:41:06.298911,1,VM10-1-9-207,6589407.0
idle,cpu,03:41:06.298912,2,VM10-1-9-207,6574234.0
idle,cpu,03:41:06.298913,3,VM10-1-9-207,6495464.0
user,cpu,03:41:16.298816,0,VM10-1-9-207,296380.0
user,cpu,03:41:16.298829,1,VM10-1-9-207,287486.0
user,cpu,03:41:16.298989,2,VM10-1-9-207,290079.0
user,cpu,03:41:16.298992,3,VM10-1-9-207,381369.0
system,cpu,03:41:16.298995,0,VM10-1-9-207,7474.0
system,cpu,03:41:16.299002,1,VM10-1-9-207,9276.0
system,cpu,03:41:16.299026,2,VM10-1-9-207,9404.0
system,cpu,03:41:16.299027,3,VM10-1-9-207,8390.0
wait,cpu,03:41:16.299027,0,VM10-1-9-207,3948.0
wait,cpu,03:41:16.299028,1,VM10-1-9-207,4629.0
wait,cpu,03:41:16.299029,2,VM10-1-9-207,4660.0
wait,cpu,03:41:16.299048,3,VM10-1-9-207,3954.0
nice,cpu,03:41:16.299048,0,VM10-1-9-207,32.0
nice,cpu,03:41:16.299073,1,VM10-1-9-207,0.0
nice,cpu,03:41:16.299075,2,VM10-1-9-207,7516.0
nice,cpu,03:41:16.299075,3,VM10-1-9-207,0.0
interrupt,cpu,03:41:16.299076,0,VM10-1-9-207,0.0
interrupt,cpu,03:41:16.299077,1,VM10-1-9-207,0.0
interrupt,cpu,03:41:16.299078,2,VM10-1-9-207,0.0
interrupt,cpu,03:41:16.299079,3,VM10-1-9-207,0.0
softirq,cpu,03:41:16.299079,0,VM10-1-9-207,316.0
softirq,cpu,03:41:16.299080,1,VM10-1-9-207,175.0
softirq,cpu,03:41:16.299081,2,VM10-1-9-207,276.0
softirq,cpu,03:41:16.299081,3,VM10-1-9-207,305.0
steal,cpu,03:41:16.299082,0,VM10-1-9-207,102.0
steal,cpu,03:41:16.299082,1,VM10-1-9-207,108.0
steal,cpu,03:41:16.299083,2,VM10-1-9-207,286.0
steal,cpu,03:41:16.299084,3,VM10-1-9-207,253.0
idle,cpu,03:41:16.299084,0,VM10-1-9-207,6584333.0
idle,cpu,03:41:16.299085,1,VM10-1-9-207,6590404.0
idle,cpu,03:41:16.299086,2,VM10-1-9-207,6575230.0
idle,cpu,03:41:16.299087,3,VM10-1-9-207,6496460.0
user,cpu,03:41:26.298769,0,VM10-1-9-207,297375.0
user,cpu,03:41:26.298783,1,VM10-1-9-207,287487.0
user,cpu,03:41:26.298893,2,VM10-1-9-207,290080.0
user,cpu,03:41:26.298900,3,VM10-1-9-207,381370.0
system,cpu,03:41:26.298906,0,VM10-1-9-207,7480.0
system,cpu,03:41:26.298912,1,VM10-1-9-207,9277.0
system,cpu,03:41:26.298951,2,VM10-1-9-207,9405.0
system,cpu,03:41:26.298952,3,VM10-1-9-207,8390.0
wait,cpu,03:41:26.298952,0,VM10-1-9-207,3948.0
wait,cpu,03:41:26.298985,1,VM10-1-9-207,4629.0
wait,cpu,03:41:26.299014,2,VM10-1-9-207,4660.0
wait,cpu,03:41:26.299031,3,VM10-1-9-207,3954.0
nice,cpu,03:41:26.299038,0,VM10-1-9-207,32.0
nice,cpu,03:41:26.299072,1,VM10-1-9-207,0.0
nice,cpu,03:41:26.299096,2,VM10-1-9-207,7516.0
nice,cpu,03:41:26.299099,3,VM10-1-9-207,0.0
interrupt,cpu,03:41:26.299126,0,VM10-1-9-207,0.0
interrupt,cpu,03:41:26.299129,1,VM10-1-9-207,0.0
interrupt,cpu,03:41:26.299158,2,VM10-1-9-207,0.0
interrupt,cpu,03:41:26.299159,3,VM10-1-9-207,0.0
softirq,cpu,03:41:26.299160,0,VM10-1-9-207,316.0
softirq,cpu,03:41:26.299160,1,VM10-1-9-207,175.0
softirq,cpu,03:41:26.299161,2,VM10-1-9-207,276.0
softirq,cpu,03:41:26.299162,3,VM10-1-9-207,305.0
steal,cpu,03:41:26.299163,0,VM10-1-9-207,102.0
steal,cpu,03:41:26.299163,1,VM10-1-9-207,108.0
steal,cpu,03:41:26.299165,2,VM10-1-9-207,286.0
steal,cpu,03:41:26.299169,3,VM10-1-9-207,253.0
idle,cpu,03:41:26.299170,0,VM10-1-9-207,6584333.0
idle,cpu,03:41:26.299170,1,VM10-1-9-207,6591401.0
idle,cpu,03:41:26.299171,2,VM10-1-9-207,6576225.0
idle,cpu,03:41:26.299172,3,VM10-1-9-207,6497459.0
user,cpu,03:41:36.298835,0,VM10-1-9-207,298373.0
user,cpu,03:41:36.298854,1,VM10-1-9-207,287487.0
user,cpu,03:41:36.298860,2,VM10-1-9-207,290085.0
user,cpu,03:41:36.298868,3,VM10-1-9-207,381370.0
system,cpu,03:41:36.298908,0,VM10-1-9-207,7482.0
system,cpu,03:41:36.298916,1,VM10-1-9-207,9277.0
system,cpu,03:41:36.298917,2,VM10-1-9-207,9407.0
system,cpu,03:41:36.298918,3,VM10-1-9-207,8391.0
wait,cpu,03:41:36.298919,0,VM10-1-9-207,3948.0
wait,cpu,03:41:36.298920,1,VM10-1-9-207,4629.0
wait,cpu,03:41:36.298921,2,VM10-1-9-207,4660.0
wait,cpu,03:41:36.298922,3,VM10-1-9-207,3954.0
nice,cpu,03:41:36.298923,0,VM10-1-9-207,32.0
nice,cpu,03:41:36.298923,1,VM10-1-9-207,0.0
nice,cpu,03:41:36.298924,2,VM10-1-9-207,7516.0
nice,cpu,03:41:36.298925,3,VM10-1-9-207,0.0
interrupt,cpu,03:41:36.298926,0,VM10-1-9-207,0.0
interrupt,cpu,03:41:36.298927,1,VM10-1-9-207,0.0
interrupt,cpu,03:41:36.298928,2,VM10-1-9-207,0.0
interrupt,cpu,03:41:36.298929,3,VM10-1-9-207,0.0
softirq,cpu,03:41:36.298930,0,VM10-1-9-207,316.0
softirq,cpu,03:41:36.298931,1,VM10-1-9-207,175.0
softirq,cpu,03:41:36.298931,2,VM10-1-9-207,276.0
softirq,cpu,03:41:36.298932,3,VM10-1-9-207,305.0
steal,cpu,03:41:36.298933,0,VM10-1-9-207,102.0
steal,cpu,03:41:36.298934,1,VM10-1-9-207,108.0
steal,cpu,03:41:36.298940,2,VM10-1-9-207,286.0
steal,cpu,03:41:36.298941,3,VM10-1-9-207,253.0
idle,cpu,03:41:36.298942,0,VM10-1-9-207,6584333.0
idle,cpu,03:41:36.298943,1,VM10-1-9-207,6592400.0
idle,cpu,03:41:36.298944,2,VM10-1-9-207,6577219.0
idle,cpu,03:41:36.298945,3,VM10-1-9-207,6498456.0
