host,time,type,value,type_instance
VM10-1-9-207,02:57:57.581229,memory,159973376.0,buffered
VM10-1-9-207,02:57:57.581229,memory,3790188544.0,cached
VM10-1-9-207,02:57:57.581229,memory,3836342272.0,free
VM10-1-9-207,02:57:57.581229,memory,329658368.0,slab_recl
VM10-1-9-207,02:57:57.581229,memory,39759872.0,slab_unrecl
VM10-1-9-207,02:57:57.581229,memory,219734016.0,used
VM10-1-9-207,02:58:07.569398,memory,160124928.0,buffered
VM10-1-9-207,02:58:07.569398,memory,3790331904.0,cached
VM10-1-9-207,02:58:07.569398,memory,3728449536.0,free
VM10-1-9-207,02:58:07.569398,memory,330125312.0,slab_recl
VM10-1-9-207,02:58:07.569398,memory,40275968.0,slab_unrecl
VM10-1-9-207,02:58:07.569398,memory,326348800.0,used
VM10-1-9-207,02:58:17.569733,memory,160169984.0,buffered
VM10-1-9-207,02:58:17.569733,memory,3791990784.0,cached
VM10-1-9-207,02:58:17.569733,memory,3721465856.0,free
VM10-1-9-207,02:58:17.569733,memory,330080256.0,slab_recl
VM10-1-9-207,02:58:17.569733,memory,39899136.0,slab_unrecl
VM10-1-9-207,02:58:17.569733,memory,332050432.0,used
VM10-1-9-207,02:58:27.569532,memory,160174080.0,buffered
VM10-1-9-207,02:58:27.569532,memory,3791998976.0,cached
VM10-1-9-207,02:58:27.569532,memory,3719753728.0,free
VM10-1-9-207,02:58:27.569532,memory,330010624.0,slab_recl
VM10-1-9-207,02:58:27.569532,memory,39563264.0,slab_unrecl
VM10-1-9-207,02:58:27.569532,memory,334155776.0,used
VM10-1-9-207,02:58:37.569263,memory,160186368.0,buffered
VM10-1-9-207,02:58:37.569263,memory,3792007168.0,cached
VM10-1-9-207,02:58:37.569263,memory,3717591040.0,free
VM10-1-9-207,02:58:37.569263,memory,330002432.0,slab_recl
VM10-1-9-207,02:58:37.569263,memory,39616512.0,slab_unrecl
VM10-1-9-207,02:58:37.569263,memory,336252928.0,used
VM10-1-9-207,02:58:47.569705,memory,160198656.0,buffered
VM10-1-9-207,02:58:47.569705,memory,3792015360.0,cached
VM10-1-9-207,02:58:47.569705,memory,3715395584.0,free
VM10-1-9-207,02:58:47.569705,memory,329994240.0,slab_recl
VM10-1-9-207,02:58:47.569705,memory,39387136.0,slab_unrecl
VM10-1-9-207,02:58:47.569705,memory,338665472.0,used
VM10-1-9-207,02:58:57.569260,memory,160202752.0,buffered
VM10-1-9-207,02:58:57.569260,memory,3792023552.0,cached
VM10-1-9-207,02:58:57.569260,memory,3713556480.0,free
VM10-1-9-207,02:58:57.569260,memory,329986048.0,slab_recl
VM10-1-9-207,02:58:57.569260,memory,39260160.0,slab_unrecl
VM10-1-9-207,02:58:57.569260,memory,340627456.0,used
VM10-1-9-207,02:59:07.569264,memory,160202752.0,buffered
VM10-1-9-207,02:59:07.569264,memory,3792031744.0,cached
VM10-1-9-207,02:59:07.569264,memory,3711488000.0,free
VM10-1-9-207,02:59:07.569264,memory,329977856.0,slab_recl
VM10-1-9-207,02:59:07.569264,memory,39137280.0,slab_unrecl
VM10-1-9-207,02:59:07.569264,memory,342818816.0,used
VM10-1-9-207,02:59:17.569366,memory,160206848.0,buffered
VM10-1-9-207,02:59:17.569366,memory,3792035840.0,cached
VM10-1-9-207,02:59:17.569366,memory,3709108224.0,free
VM10-1-9-207,02:59:17.569366,memory,329977856.0,slab_recl
VM10-1-9-207,02:59:17.569366,memory,39505920.0,slab_unrecl
VM10-1-9-207,02:59:17.569366,memory,344821760.0,used
VM10-1-9-207,02:59:27.569491,memory,160215040.0,buffered
VM10-1-9-207,02:59:27.569491,memory,3792048128.0,cached
VM10-1-9-207,02:59:27.569491,memory,3704942592.0,free
VM10-1-9-207,02:59:27.569491,memory,329981952.0,slab_recl
VM10-1-9-207,02:59:27.569491,memory,39346176.0,slab_unrecl
VM10-1-9-207,02:59:27.569491,memory,349122560.0,used
VM10-1-9-207,02:59:37.569574,memory,160231424.0,buffered
VM10-1-9-207,02:59:37.569574,memory,3792056320.0,cached
VM10-1-9-207,02:59:37.569574,memory,3702943744.0,free
VM10-1-9-207,02:59:37.569574,memory,329986048.0,slab_recl
VM10-1-9-207,02:59:37.569574,memory,39149568.0,slab_unrecl
VM10-1-9-207,02:59:37.569574,memory,351289344.0,used
VM10-1-9-207,02:59:47.569279,memory,160235520.0,buffered
VM10-1-9-207,02:59:47.569279,memory,3792060416.0,cached
VM10-1-9-207,02:59:47.569279,memory,3700908032.0,free
VM10-1-9-207,02:59:47.569279,memory,329977856.0,slab_recl
VM10-1-9-207,02:59:47.569279,memory,39096320.0,slab_unrecl
VM10-1-9-207,02:59:47.569279,memory,353378304.0,used
VM10-1-9-207,02:59:57.569321,memory,160243712.0,buffered
VM10-1-9-207,02:59:57.569321,memory,3792068608.0,cached
VM10-1-9-207,02:59:57.569321,memory,3698307072.0,free
VM10-1-9-207,02:59:57.569321,memory,329973760.0,slab_recl
VM10-1-9-207,02:59:57.569321,memory,39452672.0,slab_unrecl
VM10-1-9-207,02:59:57.569321,memory,355610624.0,used
VM10-1-9-207,03:00:07.569302,memory,160251904.0,buffered
VM10-1-9-207,03:00:07.569302,memory,3792076800.0,cached
VM10-1-9-207,03:00:07.569302,memory,3696238592.0,free
VM10-1-9-207,03:00:07.569302,memory,329986048.0,slab_recl
VM10-1-9-207,03:00:07.569302,memory,39325696.0,slab_unrecl
VM10-1-9-207,03:00:07.569302,memory,357777408.0,used
VM10-1-9-207,03:00:17.569268,memory,160276480.0,buffered
VM10-1-9-207,03:00:17.569268,memory,3792027648.0,cached
VM10-1-9-207,03:00:17.569268,memory,3833044992.0,free
VM10-1-9-207,03:00:17.569268,memory,329953280.0,slab_recl
VM10-1-9-207,03:00:17.569268,memory,39546880.0,slab_unrecl
VM10-1-9-207,03:00:17.569268,memory,220807168.0,used
