﻿Architecture,Application,N,Total Time (s),Memory Used (kb),CPU Percentage
VM,PI,5000,4.21,10054.4,99.00%
VM,PI,10000,31.238,10045.6,99.00%
VM,PI,15000,83.268,10217.6,99.00%
VM,PI,20000,185.916,10128,99.00%
VM,PI,25000,289.164,10240,99.00%
VM,MM,500,0.418,35848,99.20%
VM,MM,1000,3.306,53448.8,99.00%
VM,MM,1500,56.43,82660,99.00%
VM,MM,2000,149.054,123784,99.00%
VM,MM,2500,299.804,176390.4,99.00%
Docker,PI,5000,6.568,10548.8,99.00%
Docker,PI,10000,45.976,10539.2,99.00%
Docker,PI,15000,122.074,10556.8,99.00%
Docker,PI,20000,273.112,10551.2,99.00%
Docker,PI,25000,426.884,10595.2,99.00%
Docker,MM,500,0.442,33992.8,99.20%
Docker,MM,1000,3.598,51737.6,99.00%
Docker,MM,1500,54.438,80852.8,99.00%
Docker,MM,2000,135.936,121933.6,99.00%
Docker,MM,2500,289.814,174508,99.00%
AWS 1GB Cold Start,PI,5000,10.243028,50400,
AWS 1GB Cold Start,PI,10000,75.59023,50600,
AWS 1GB Cold Start,PI,15000,192.264258,50400,
AWS 1GB Cold Start,PI,20000,443.141408,50800,
AWS 1GB Cold Start,PI,25000,715.401826,51000,
AWS 1GB Cold Start,MM,500,0.948624,86000,
AWS 1GB Cold Start,MM,1000,6.85269,103200,
AWS 1GB Cold Start,MM,1500,26.270344,132000,
AWS 1GB Cold Start,MM,2000,101.352556,172000,
AWS 1GB Cold Start,MM,2500,223.142808,227800,
AWS 1GB Warm Start,PI,5000,9.8869,50200,
AWS 1GB Warm Start,PI,10000,71.360206,51000,
AWS 1GB Warm Start,PI,15000,188.897522,50800,
AWS 1GB Warm Start,PI,20000,442.182878,51000,
AWS 1GB Warm Start,PI,25000,711.12979,51200,
AWS 1GB Warm Start,MM,500,0.343392,86000,
AWS 1GB Warm Start,MM,1000,5.379092,103000,
AWS 1GB Warm Start,MM,1500,25.742914,133200,
AWS 1GB Warm Start,MM,2000,99.789486,172800,
AWS 1GB Warm Start,MM,2500,221.899416,224400,
AWS 8GB Cold Start,PI,5000,5.868208,51600,
AWS 8GB Cold Start,PI,10000,41.999318,51800,
AWS 8GB Cold Start,PI,15000,108.564824,52200,
AWS 8GB Cold Start,PI,20000,255.06966,52400,
AWS 8GB Cold Start,PI,25000,406.458384,53000,
AWS 8GB Cold Start,MM,500,0.784194,88200,
AWS 8GB Cold Start,MM,1000,3.561044,105000,
AWS 8GB Cold Start,MM,1500,14.865266,133200,
AWS 8GB Cold Start,MM,2000,58.661526,173200,
AWS 8GB Cold Start,MM,2500,127.613022,225800,
AWS 8GB Warm Start,PI,5000,5.663716,52000,
AWS 8GB Warm Start,PI,10000,41.467104,52400,
AWS 8GB Warm Start,PI,15000,108.100124,53000,
AWS 8GB Warm Start,PI,20000,252.800174,53400,
AWS 8GB Warm Start,PI,25000,402.674776,55600,
AWS 8GB Warm Start,MM,500,0.19729,87400,
AWS 8GB Warm Start,MM,1000,3.17148,106200,
AWS 8GB Warm Start,MM,1500,14.857822,134000,
AWS 8GB Warm Start,MM,2000,58.63922,175400,
AWS 8GB Warm Start,MM,2500,129.009036,228000,
